/*
SQLyog Ultimate v13.1.1 (64 bit)
MySQL - 5.6.45-log : Database - consul
*********************************************************************
*/

/*!40101 SET NAMES utf8 */;

/*!40101 SET SQL_MODE=''*/;

/*!40014 SET @OLD_UNIQUE_CHECKS=@@UNIQUE_CHECKS, UNIQUE_CHECKS=0 */;
/*!40014 SET @OLD_FOREIGN_KEY_CHECKS=@@FOREIGN_KEY_CHECKS, FOREIGN_KEY_CHECKS=0 */;
/*!40101 SET @OLD_SQL_MODE=@@SQL_MODE, SQL_MODE='NO_AUTO_VALUE_ON_ZERO' */;
/*!40111 SET @OLD_SQL_NOTES=@@SQL_NOTES, SQL_NOTES=0 */;
/*Table structure for table `citas` */

DROP TABLE IF EXISTS `citas`;

CREATE TABLE `citas` (
  `id_cita` int(10) unsigned NOT NULL AUTO_INCREMENT,
  `f_agenda` varchar(25) COLLATE utf8mb4_unicode_ci NOT NULL,
  `f_asistencia` varchar(25) COLLATE utf8mb4_unicode_ci NOT NULL,
  `id_doc` int(10) unsigned NOT NULL,
  `idp` int(10) unsigned NOT NULL,
  `notac` varchar(25) COLLATE utf8mb4_unicode_ci NOT NULL,
  `remember_token` varchar(100) COLLATE utf8mb4_unicode_ci DEFAULT NULL,
  `created_at` timestamp NULL DEFAULT NULL,
  `updated_at` timestamp NULL DEFAULT NULL,
  PRIMARY KEY (`id_cita`),
  KEY `citas_id_doc_foreign` (`id_doc`),
  KEY `citas_idp_foreign` (`idp`),
  CONSTRAINT `citas_id_doc_foreign` FOREIGN KEY (`id_doc`) REFERENCES `doctors` (`id_doc`),
  CONSTRAINT `citas_idp_foreign` FOREIGN KEY (`idp`) REFERENCES `pacientes` (`idp`)
) ENGINE=InnoDB AUTO_INCREMENT=5 DEFAULT CHARSET=utf8mb4 COLLATE=utf8mb4_unicode_ci;

/*Data for the table `citas` */

insert  into `citas`(`id_cita`,`f_agenda`,`f_asistencia`,`id_doc`,`idp`,`notac`,`remember_token`,`created_at`,`updated_at`) values 
(1,'20-03-2019','20-03-2019',1,2,'ninguna',NULL,NULL,NULL),
(2,'2019-12-15','2019-12-16',1,2,'necesita limpieza',NULL,NULL,NULL),
(3,'2020-01-06','2020-01-07',1,3,'Ven rapido prro',NULL,NULL,NULL),
(4,'2020-01-06','2020-01-07',1,1,'Nada',NULL,NULL,NULL);

/*Table structure for table `clientes` */

DROP TABLE IF EXISTS `clientes`;

CREATE TABLE `clientes` (
  `id` bigint(20) unsigned NOT NULL AUTO_INCREMENT,
  `created_at` timestamp NULL DEFAULT NULL,
  `updated_at` timestamp NULL DEFAULT NULL,
  PRIMARY KEY (`id`)
) ENGINE=InnoDB DEFAULT CHARSET=utf8mb4 COLLATE=utf8mb4_unicode_ci;

/*Data for the table `clientes` */

/*Table structure for table `consultas` */

DROP TABLE IF EXISTS `consultas`;

CREATE TABLE `consultas` (
  `id_con` int(10) unsigned NOT NULL AUTO_INCREMENT,
  `fecha` date NOT NULL,
  `hora` time NOT NULL,
  `id_doc` int(10) unsigned NOT NULL,
  `idp` int(10) unsigned NOT NULL,
  `dolor` varchar(200) COLLATE utf8mb4_unicode_ci DEFAULT NULL,
  `medicamento` varchar(25) COLLATE utf8mb4_unicode_ci NOT NULL,
  `id_cita` int(10) unsigned NOT NULL,
  `tip_cita` varchar(25) COLLATE utf8mb4_unicode_ci NOT NULL,
  `alergias` varchar(200) COLLATE utf8mb4_unicode_ci DEFAULT NULL,
  `sintomas` varchar(255) COLLATE utf8mb4_unicode_ci NOT NULL,
  `dias` int(5) DEFAULT NULL,
  `docis` varchar(25) COLLATE utf8mb4_unicode_ci DEFAULT NULL,
  `descripcion` varchar(255) COLLATE utf8mb4_unicode_ci NOT NULL,
  `remember_token` varchar(100) COLLATE utf8mb4_unicode_ci DEFAULT NULL,
  `created_at` timestamp NULL DEFAULT NULL,
  PRIMARY KEY (`id_con`),
  KEY `consultas_id_cita_foreign` (`id_cita`),
  KEY `consultas_id_doc_foreign` (`id_doc`),
  KEY `consultas_idp_foreign` (`idp`),
  CONSTRAINT `consultas_id_cita_foreign` FOREIGN KEY (`id_cita`) REFERENCES `citas` (`id_cita`),
  CONSTRAINT `consultas_id_doc_foreign` FOREIGN KEY (`id_doc`) REFERENCES `doctors` (`id_doc`),
  CONSTRAINT `consultas_idp_foreign` FOREIGN KEY (`idp`) REFERENCES `pacientes` (`idp`)
) ENGINE=InnoDB AUTO_INCREMENT=5 DEFAULT CHARSET=utf8mb4 COLLATE=utf8mb4_unicode_ci;

/*Data for the table `consultas` */

insert  into `consultas`(`id_con`,`fecha`,`hora`,`id_doc`,`idp`,`dolor`,`medicamento`,`id_cita`,`tip_cita`,`alergias`,`sintomas`,`dias`,`docis`,`descripcion`,`remember_token`,`created_at`) values 
(1,'2019-12-15','00:00:10',1,1,'dolor en encias','peracetamol',1,'1','ninguna','ninguno',2,'20','mordida de diente en la parte frontal superior del paciente',NULL,NULL),
(2,'2019-12-19','00:00:30',2,2,'dolor en muelas','esmalte dental',2,'2','ninguna','dolor de muela',1,'40','picadura dental superficial',NULL,NULL),
(3,'2019-11-26','11:53:00',1,1,'ninguno','ninguno',2,'1','ninguna','caida de diente',2,'2','caida de diente en la parte frontal superior del paciente',NULL,NULL),
(4,'2019-12-06','11:57:00',1,2,'mucho :v','asd',2,'2','primer cita','y muchas cosas wuuu',1,'1','se le cayo el pilin °<°',NULL,NULL);

/*Table structure for table `contactanos` */

DROP TABLE IF EXISTS `contactanos`;

CREATE TABLE `contactanos` (
  `id` bigint(20) unsigned NOT NULL AUTO_INCREMENT,
  `created_at` timestamp NULL DEFAULT NULL,
  `updated_at` timestamp NULL DEFAULT NULL,
  PRIMARY KEY (`id`)
) ENGINE=InnoDB DEFAULT CHARSET=utf8mb4 COLLATE=utf8mb4_unicode_ci;

/*Data for the table `contactanos` */

/*Table structure for table `detail_doctors_pacientes` */

DROP TABLE IF EXISTS `detail_doctors_pacientes`;

CREATE TABLE `detail_doctors_pacientes` (
  `idddp` int(11) NOT NULL AUTO_INCREMENT,
  `idp` int(11) unsigned NOT NULL,
  `id_doc` int(11) unsigned NOT NULL,
  PRIMARY KEY (`idddp`),
  KEY `FKPacientes` (`idp`),
  KEY `FKDoctors` (`id_doc`),
  CONSTRAINT `FKDoctors` FOREIGN KEY (`id_doc`) REFERENCES `doctors` (`id_doc`),
  CONSTRAINT `FKPacientes` FOREIGN KEY (`idp`) REFERENCES `pacientes` (`idp`)
) ENGINE=InnoDB AUTO_INCREMENT=6 DEFAULT CHARSET=latin1;

/*Data for the table `detail_doctors_pacientes` */

insert  into `detail_doctors_pacientes`(`idddp`,`idp`,`id_doc`) values 
(1,1,1),
(2,2,1),
(4,3,1),
(5,1,2);

/*Table structure for table `doctors` */

DROP TABLE IF EXISTS `doctors`;

CREATE TABLE `doctors` (
  `id_doc` int(10) unsigned NOT NULL AUTO_INCREMENT,
  `nombre` varchar(25) COLLATE utf8mb4_unicode_ci NOT NULL,
  `apellido1` varchar(25) COLLATE utf8mb4_unicode_ci NOT NULL,
  `apellido2` varchar(25) COLLATE utf8mb4_unicode_ci NOT NULL,
  `edad` varchar(25) COLLATE utf8mb4_unicode_ci NOT NULL,
  `sexo` varchar(25) COLLATE utf8mb4_unicode_ci NOT NULL,
  `id_esp` int(10) unsigned NOT NULL,
  `telefono` varchar(25) COLLATE utf8mb4_unicode_ci NOT NULL,
  `id_edo` int(10) unsigned NOT NULL,
  `id_mun` int(10) unsigned NOT NULL,
  `calle` varchar(25) COLLATE utf8mb4_unicode_ci NOT NULL,
  `numcalle` varchar(25) COLLATE utf8mb4_unicode_ci NOT NULL,
  `localidad` varchar(25) COLLATE utf8mb4_unicode_ci NOT NULL,
  `archivo` varchar(255) COLLATE utf8mb4_unicode_ci NOT NULL,
  `remember_token` varchar(100) COLLATE utf8mb4_unicode_ci DEFAULT NULL,
  `created_at` timestamp NULL DEFAULT NULL,
  `updated_at` timestamp NULL DEFAULT NULL,
  PRIMARY KEY (`id_doc`),
  KEY `doctors_id_esp_foreign` (`id_esp`),
  KEY `doctors_id_edo_foreign` (`id_edo`),
  KEY `doctors_id_mun_foreign` (`id_mun`),
  CONSTRAINT `doctors_id_edo_foreign` FOREIGN KEY (`id_edo`) REFERENCES `estados` (`id_edo`),
  CONSTRAINT `doctors_id_esp_foreign` FOREIGN KEY (`id_esp`) REFERENCES `especialidades` (`id_esp`),
  CONSTRAINT `doctors_id_mun_foreign` FOREIGN KEY (`id_mun`) REFERENCES `municipios` (`id_mun`)
) ENGINE=InnoDB AUTO_INCREMENT=3 DEFAULT CHARSET=utf8mb4 COLLATE=utf8mb4_unicode_ci;

/*Data for the table `doctors` */

insert  into `doctors`(`id_doc`,`nombre`,`apellido1`,`apellido2`,`edad`,`sexo`,`id_esp`,`telefono`,`id_edo`,`id_mun`,`calle`,`numcalle`,`localidad`,`archivo`,`remember_token`,`created_at`,`updated_at`) values 
(1,'Luis Angel','Rodriguez','Buendia','22','M',1,'7456333254',1,5,'libramiento','88','metepec','',NULL,NULL,NULL),
(2,'Oliver','Torrez','Gonzalez','25','M',1,'7225689954',1,10,'liberal','1','san fermin','sinfoto.jpg',NULL,NULL,NULL);

/*Table structure for table `especialidades` */

DROP TABLE IF EXISTS `especialidades`;

CREATE TABLE `especialidades` (
  `id_esp` int(10) unsigned NOT NULL AUTO_INCREMENT,
  `nombre` varchar(25) COLLATE utf8mb4_unicode_ci NOT NULL,
  `descripcion` varchar(25) COLLATE utf8mb4_unicode_ci NOT NULL,
  `remember_token` varchar(100) COLLATE utf8mb4_unicode_ci DEFAULT NULL,
  `created_at` timestamp NULL DEFAULT NULL,
  `updated_at` timestamp NULL DEFAULT NULL,
  PRIMARY KEY (`id_esp`)
) ENGINE=InnoDB AUTO_INCREMENT=5 DEFAULT CHARSET=utf8mb4 COLLATE=utf8mb4_unicode_ci;

/*Data for the table `especialidades` */

insert  into `especialidades`(`id_esp`,`nombre`,`descripcion`,`remember_token`,`created_at`,`updated_at`) values 
(1,'Odontopediatría','Odontopediatría',NULL,NULL,NULL),
(2,'Ortodoncia','Ortodoncia',NULL,NULL,NULL),
(3,'Periodoncia ','Periodoncia ',NULL,NULL,NULL),
(4,'Odontología deportiva','Odontología deportiva',NULL,NULL,NULL);

/*Table structure for table `estados` */

DROP TABLE IF EXISTS `estados`;

CREATE TABLE `estados` (
  `id_edo` int(10) unsigned NOT NULL AUTO_INCREMENT,
  `nombre` varchar(25) COLLATE utf8mb4_unicode_ci NOT NULL,
  PRIMARY KEY (`id_edo`)
) ENGINE=InnoDB AUTO_INCREMENT=33 DEFAULT CHARSET=utf8mb4 COLLATE=utf8mb4_unicode_ci;

/*Data for the table `estados` */

insert  into `estados`(`id_edo`,`nombre`) values 
(1,'AGUASCALIENTES\r'),
(2,'BAJA CALIFORNIA\r'),
(3,'BAJA CALIFORNIA SUR\r'),
(4,'CAMPECHE\r'),
(5,'COAHUILA DE ZARAGOZA\r'),
(6,'COLIMA\r'),
(7,'CHIAPAS\r'),
(8,'CHIHUAHUA\r'),
(9,'CIUDAD DE MEXICO\r'),
(10,'DURANGO\r'),
(11,'GUANAJUATO\r'),
(12,'GUERRERO\r'),
(13,'HIDALGO\r'),
(14,'JALISCO\r'),
(15,'MÉXICO\r'),
(16,'MICHOACÁN DE OCAMPO\r'),
(17,'MORELOS\r'),
(18,'NAYARIT\r'),
(19,'NUEVO LEÓN\r'),
(20,'OAXACA\r'),
(21,'PUEBLA\r'),
(22,'QUERÉTARO\r'),
(23,'QUINTANA ROO\r'),
(24,'SAN LUIS POTOSÍ\r'),
(25,'SINALOA\r'),
(26,'SONORA\r'),
(27,'TABASCO\r'),
(28,'TAMAULIPAS\r'),
(29,'TLAXCALA\r'),
(30,'VERACRUZ DE IGNACIO DE LA'),
(31,'YUCATÁN\r'),
(32,'ZACATECAS\r');

/*Table structure for table `migrations` */

DROP TABLE IF EXISTS `migrations`;

CREATE TABLE `migrations` (
  `id` int(10) unsigned NOT NULL AUTO_INCREMENT,
  `migration` varchar(255) COLLATE utf8mb4_unicode_ci NOT NULL,
  `batch` int(11) NOT NULL,
  PRIMARY KEY (`id`)
) ENGINE=InnoDB AUTO_INCREMENT=14 DEFAULT CHARSET=utf8mb4 COLLATE=utf8mb4_unicode_ci;

/*Data for the table `migrations` */

insert  into `migrations`(`id`,`migration`,`batch`) values 
(1,'2014_10_12_000000_create_users_table',1),
(2,'2014_10_12_100000_create_password_resets_table',1),
(3,'2019_07_31_181744_estados',1),
(4,'2019_07_31_181830_municipios',1),
(5,'2019_07_32_142318_especialidades',1),
(6,'2019_11_04_055419_create_clientes_table',1),
(7,'2019_11_04_055927_create_pacientes_table',1),
(8,'2019_11_07_191358_doctors',1),
(9,'2019_11_10_182807_create_citas_table',1),
(10,'2019_11_29_220708_operaciones',1),
(11,'2019_11_29_220814_recetas',1),
(12,'2019_12_06_145154_create_contactanos_table',1),
(13,'2019_12_15_211617_consultas',1);

/*Table structure for table `municipios` */

DROP TABLE IF EXISTS `municipios`;

CREATE TABLE `municipios` (
  `id_edo` int(10) unsigned NOT NULL,
  `id_mun` int(10) unsigned NOT NULL AUTO_INCREMENT,
  `nombre` varchar(25) COLLATE utf8mb4_unicode_ci NOT NULL,
  PRIMARY KEY (`id_mun`),
  KEY `municipios_id_edo_foreign` (`id_edo`),
  CONSTRAINT `municipios_id_edo_foreign` FOREIGN KEY (`id_edo`) REFERENCES `estados` (`id_edo`)
) ENGINE=InnoDB AUTO_INCREMENT=2458 DEFAULT CHARSET=utf8mb4 COLLATE=utf8mb4_unicode_ci;

/*Data for the table `municipios` */

insert  into `municipios`(`id_edo`,`id_mun`,`nombre`) values 
(1,1,'AGUASCALIENTES\r'),
(1,2,'ASIENTOS\r'),
(1,3,'CALVILLO\r'),
(1,4,'COSÍO\r'),
(1,5,'JESÚS MARÍA\r'),
(1,6,'PABELLÓN DE ARTEAGA\r'),
(1,7,'RINCÓN DE ROMOS\r'),
(1,8,'SAN JOSÉ DE GRACIA\r'),
(1,9,'TEPEZALÁ\r'),
(1,10,'EL LLANO\r'),
(1,11,'SAN FRANCISCO DE LOS ROMO'),
(2,12,'ENSENADA\r'),
(2,13,'MEXICALI\r'),
(2,14,'TECATE\r'),
(2,15,'TIJUANA\r'),
(2,16,'PLAYAS DE ROSARITO\r'),
(3,17,'COMONDÚ\r'),
(3,18,'MULEGÉ\r'),
(3,19,'LA PAZ\r'),
(3,20,'LOS CABOS\r'),
(3,21,'LORETO\r'),
(4,22,'CALKINÍ\r'),
(4,23,'CAMPECHE\r'),
(4,24,'CARMEN\r'),
(4,25,'CHAMPOTÓN\r'),
(4,26,'HECELCHAKÁN\r'),
(4,27,'HOPELCHÉN\r'),
(4,28,'PALIZADA\r'),
(4,29,'TENABO\r'),
(4,30,'ESCÁRCEGA\r'),
(4,31,'CALAKMUL\r'),
(4,32,'CANDELARIA\r'),
(5,33,'ABASOLO\r'),
(5,34,'ACUÑA\r'),
(5,35,'ALLENDE\r'),
(5,36,'ARTEAGA\r'),
(5,37,'CANDELA\r'),
(5,38,'CASTAÑOS\r'),
(5,39,'CUATRO CIÉNEGAS\r'),
(5,40,'ESCOBEDO\r'),
(5,41,'FRANCISCO I. MADERO\r'),
(5,42,'FRONTERA\r'),
(5,43,'GENERAL CEPEDA\r'),
(5,44,'GUERRERO\r'),
(5,45,'HIDALGO\r'),
(5,46,'JIMÉNEZ\r'),
(5,47,'JUÁREZ\r'),
(5,48,'LAMADRID\r'),
(5,49,'MATAMOROS\r'),
(5,50,'MONCLOVA\r'),
(5,51,'MORELOS\r'),
(5,52,'MÚZQUIZ\r'),
(5,53,'NADADORES\r'),
(5,54,'NAVA\r'),
(5,55,'OCAMPO\r'),
(5,56,'PARRAS\r'),
(5,57,'PIEDRAS NEGRAS\r'),
(5,58,'PROGRESO\r'),
(5,59,'RAMOS ARIZPE\r'),
(5,60,'SABINAS\r'),
(5,61,'SACRAMENTO\r'),
(5,62,'SALTILLO\r'),
(5,63,'SAN BUENAVENTURA\r'),
(5,64,'SAN JUAN DE SABINAS\r'),
(5,65,'SAN PEDRO\r'),
(5,66,'SIERRA MOJADA\r'),
(5,67,'TORREÓN\r'),
(5,68,'VIESCA\r'),
(5,69,'VILLA UNIÓN\r'),
(5,70,'ZARAGOZA\r'),
(6,71,'ARMERÍA\r'),
(6,72,'COLIMA\r'),
(6,73,'COMALA\r'),
(6,74,'COQUIMATLÁN\r'),
(6,75,'CUAUHTÉMOC\r'),
(6,76,'IXTLAHUACÁN\r'),
(6,77,'MANZANILLO\r'),
(6,78,'MINATITLÁN\r'),
(6,79,'TECOMÁN\r'),
(6,80,'VILLA DE ÁLVAREZ\r'),
(7,81,'ACACOYAGUA\r'),
(7,82,'ACALA\r'),
(7,83,'ACAPETAHUA\r'),
(7,84,'ALTAMIRANO\r'),
(7,85,'AMATÁN\r'),
(7,86,'AMATENANGO DE LA FRONTERA'),
(7,87,'AMATENANGO DEL VALLE\r'),
(7,88,'ANGEL ALBINO CORZO ARRIAG'),
(7,89,'BEJUCAL DE OCAMPO\r'),
(7,90,'BELLA VISTA\r'),
(7,91,'BERRIOZÁBAL\r'),
(7,92,'BOCHIL\r'),
(7,93,'EL BOSQUE\r'),
(7,94,'CACAHOATÁN\r'),
(7,95,'CATAZAJÁ\r'),
(7,96,'CINTALAPA\r'),
(7,97,'COAPILLA\r'),
(7,98,'COMITÁN DE DOMÍNGUEZ\r'),
(7,99,'LA CONCORDIA\r'),
(7,100,'COPAINALÁ\r'),
(7,101,'CHALCHIHUITÁN\r'),
(7,102,'CHAMULA\r'),
(7,103,'CHANAL\r'),
(7,104,'CHAPULTENANGO\r'),
(7,105,'CHENALHÓ\r'),
(7,106,'CHIAPA DE CORZO\r'),
(7,107,'CHIAPILLA\r'),
(7,108,'CHICOASÉN\r'),
(7,109,'CHICOMUSELO\r'),
(7,110,'CHILÓN\r'),
(7,111,'ESCUINTLA\r'),
(7,112,'FRANCISCO LEÓN\r'),
(7,113,'FRONTERA COMALAPA\r'),
(7,114,'FRONTERA HIDALGO\r'),
(7,115,'LA GRANDEZA\r'),
(7,116,'HUEHUETÁN\r'),
(7,117,'HUIXTÁN\r'),
(7,118,'HUITIUPÁN\r'),
(7,119,'HUIXTLA\r'),
(7,120,'LA INDEPENDENCIA\r'),
(7,121,'IXHUATÁN\r'),
(7,122,'IXTACOMITÁN\r'),
(7,123,'IXTAPA\r'),
(7,124,'IXTAPANGAJOYA\r'),
(7,125,'JIQUIPILAS\r'),
(7,126,'JITOTOL\r'),
(7,127,'JUÁREZ\r'),
(7,128,'LARRÁINZAR\r'),
(7,129,'LA LIBERTAD\r'),
(7,130,'MAPASTEPEC\r'),
(7,131,'LAS MARGARITAS\r'),
(7,132,'MAZAPA DE MADERO\r'),
(7,133,'MAZATÁN\r'),
(7,134,'METAPA\r'),
(7,135,'MITONTIC\r'),
(7,136,'MOTOZINTLA\r'),
(7,137,'NICOLÁS RUÍZ\r'),
(7,138,'OCOSINGO\r'),
(7,139,'OCOTEPEC\r'),
(7,140,'OCOZOCOAUTLA DE ESPINOSA\r'),
(7,141,'OSTUACÁN\r'),
(7,142,'OSUMACINTA\r'),
(7,143,'OXCHUC\r'),
(7,144,'PALENQUE\r'),
(7,145,'PANTELHÓ\r'),
(7,146,'PANTEPEC\r'),
(7,147,'PICHUCALCO\r'),
(7,148,'PIJIJIAPAN\r'),
(7,149,'EL PORVENIR\r'),
(7,150,'VILLA COMALTITLÁN\r'),
(7,151,'PUEBLO NUEVO SOLISTAHUACÁ'),
(7,152,'RAYÓN\r'),
(7,153,'REFORMA\r'),
(7,154,'LAS ROSAS\r'),
(7,155,'SABANILLA\r'),
(7,156,'SALTO DE AGUA\r'),
(7,157,'SAN CRISTÓBAL DE LAS CASA'),
(7,158,'SAN FERNANDO\r'),
(7,159,'SILTEPEC\r'),
(7,160,'SIMOJOVEL\r'),
(7,161,'SITALÁ\r'),
(7,162,'SOCOLTENANGO\r'),
(7,163,'SOLOSUCHIAPA\r'),
(7,164,'SOYALÓ\r'),
(7,165,'SUCHIAPA\r'),
(7,166,'SUCHIATE\r'),
(7,167,'SUNUAPA\r'),
(7,168,'TAPACHULA\r'),
(7,169,'TAPALAPA\r'),
(7,170,'TAPILULA\r'),
(7,171,'TECPATÁN\r'),
(7,172,'TENEJAPA\r'),
(7,173,'TEOPISCA\r'),
(7,174,'TILA\r'),
(7,175,'TONALÁ\r'),
(7,176,'TOTOLAPA\r'),
(7,177,'LA TRINITARIA\r'),
(7,178,'TUMBALÁ\r'),
(7,179,'TUXTLA GUTIÉRREZ\r'),
(7,180,'TUXTLA CHICO\r'),
(7,181,'TUZANTÁN\r'),
(7,182,'TZIMOL\r'),
(7,183,'UNIÓN JUÁREZ\r'),
(7,184,'VENUSTIANO CARRANZA\r'),
(7,185,'VILLA CORZO\r'),
(7,186,'VILLAFLORES\r'),
(7,187,'YAJALÓN\r'),
(7,188,'SAN LUCAS\r'),
(7,189,'ZINACANTÁN\r'),
(7,190,'SAN JUAN CANCUC\r'),
(7,191,'ALDAMA\r'),
(7,192,'BENEMÉRITO DE LAS AMÉRICA'),
(7,193,'MARAVILLA TENEJAPA\r'),
(7,194,'MARQUÉS DE COMILLAS\r'),
(7,195,'MONTECRISTO DE GUERRERO\r'),
(7,196,'SAN ANDRÉS DURAZNAL\r'),
(7,197,'SANTIAGO EL PINAR\r'),
(8,198,'AHUMADA\r'),
(8,199,'ALDAMA\r'),
(8,200,'ALLENDE\r'),
(8,201,'AQUILES SERDÁN\r'),
(8,202,'ASCENSIÓN\r'),
(8,203,'BACHÍNIVA\r'),
(8,204,'BALLEZA\r'),
(8,205,'BATOPILAS\r'),
(8,206,'BOCOYNA\r'),
(8,207,'BUENAVENTURA\r'),
(8,208,'CAMARGO\r'),
(8,209,'CARICHÍ\r'),
(8,210,'CASAS GRANDES\r'),
(8,211,'CORONADO\r'),
(8,212,'COYAME DEL SOTOL\r'),
(8,213,'LA CRUZ\r'),
(8,214,'CUAUHTÉMOC\r'),
(8,215,'CUSIHUIRIACHI\r'),
(8,216,'CHIHUAHUA\r'),
(8,217,'CHÍNIPAS\r'),
(8,218,'DELICIAS\r'),
(8,219,'DR. BELISARIO DOMÍNGUEZ\r'),
(8,220,'GALEANA\r'),
(8,221,'SANTA ISABEL\r'),
(8,222,'GÓMEZ FARÍAS\r'),
(8,223,'GRAN MORELOS\r'),
(8,224,'GUACHOCHI\r'),
(8,225,'GUADALUPE\r'),
(8,226,'GUADALUPE Y CALVO\r'),
(8,227,'GUAZAPARES\r'),
(8,228,'GUERRERO\r'),
(8,229,'HIDALGO DEL PARRAL\r'),
(8,230,'HUEJOTITÁN\r'),
(8,231,'IGNACIO ZARAGOZA\r'),
(8,232,'JANOS\r'),
(8,233,'JIMÉNEZ\r'),
(8,234,'JUÁREZ\r'),
(8,235,'JULIMES\r'),
(8,236,'LÓPEZ\r'),
(8,237,'MADERA\r'),
(8,238,'MAGUARICHI\r'),
(8,239,'MANUEL BENAVIDES\r'),
(8,240,'MATACHÍ\r'),
(8,241,'MATAMOROS\r'),
(8,242,'MEOQUI\r'),
(8,243,'MORELOS\r'),
(8,244,'MORIS\r'),
(8,245,'NAMIQUIPA\r'),
(8,246,'NONOAVA\r'),
(8,247,'NUEVO CASAS GRANDES\r'),
(8,248,'OCAMPO\r'),
(8,249,'OJINAGA\r'),
(8,250,'PRAXEDIS G. GUERRERO\r'),
(8,251,'RIVA PALACIO\r'),
(8,252,'ROSALES\r'),
(8,253,'ROSARIO\r'),
(8,254,'SAN FRANCISCO DE BORJA\r'),
(8,255,'SAN FRANCISCO DE CONCHOS\r'),
(8,256,'SAN FRANCISCO DEL ORO\r'),
(8,257,'SANTA BÁRBARA\r'),
(8,258,'SATEVÓ\r'),
(8,259,'SAUCILLO\r'),
(8,260,'TEMÓSACHIC\r'),
(8,261,'EL TULE\r'),
(8,262,'URIQUE\r'),
(8,263,'URUACHI\r'),
(8,264,'VALLE DE ZARAGOZA\r'),
(9,265,'AZCAPOTZALCO\r'),
(9,266,'COYOACÁN\r'),
(9,267,'CUAJIMALPA DE MORELOS\r'),
(9,268,'GUSTAVO A. MADERO\r'),
(9,269,'IZTACALCO\r'),
(9,270,'IZTAPALAPA\r'),
(9,271,'LA MAGDALENA CONTRERAS\r'),
(9,272,'MILPA ALTA\r'),
(9,273,'ÁLVARO OBREGÓN\r'),
(9,274,'TLÁHUAC\r'),
(9,275,'TLALPAN\r'),
(9,276,'XOCHIMILCO\r'),
(9,277,'BENITO JUÁREZ\r'),
(9,278,'CUAUHTÉMOC\r'),
(9,279,'MIGUEL HIDALGO\r'),
(9,280,'VENUSTIANO CARRANZA\r'),
(10,281,'CANATLÁN\r'),
(10,282,'CANELAS\r'),
(10,283,'CONETO DE COMONFORT\r'),
(10,284,'CUENCAMÉ\r'),
(10,285,'DURANGO\r'),
(10,286,'GENERAL SIMÓN BOLÍVAR\r'),
(10,287,'GÓMEZ PALACIO\r'),
(10,288,'GUADALUPE VICTORIA\r'),
(10,289,'GUANACEVÍ\r'),
(10,290,'HIDALGO\r'),
(10,291,'INDÉ\r'),
(10,292,'LERDO\r'),
(10,293,'MAPIMÍ\r'),
(10,294,'MEZQUITAL\r'),
(10,295,'NAZAS\r'),
(10,296,'NOMBRE DE DIOS\r'),
(10,297,'OCAMPO\r'),
(10,298,'EL ORO\r'),
(10,299,'OTÁEZ\r'),
(10,300,'PÁNUCO DE CORONADO\r'),
(10,301,'PEÑÓN BLANCO\r'),
(10,302,'POANAS\r'),
(10,303,'PUEBLO NUEVO\r'),
(10,304,'RODEO\r'),
(10,305,'SAN BERNARDO\r'),
(10,306,'SAN DIMAS\r'),
(10,307,'SAN JUAN DE GUADALUPE\r'),
(10,308,'SAN JUAN DEL RÍO\r'),
(10,309,'SAN LUIS DEL CORDERO\r'),
(10,310,'SAN PEDRO DEL GALLO\r'),
(10,311,'SANTA CLARA\r'),
(10,312,'SANTIAGO PAPASQUIARO\r'),
(10,313,'SÚCHIL\r'),
(10,314,'TAMAZULA\r'),
(10,315,'TEPEHUANES\r'),
(10,316,'TLAHUALILO\r'),
(10,317,'TOPIA\r'),
(10,318,'VICENTE GUERRERO\r'),
(10,319,'NUEVO IDEAL\r'),
(11,320,'ABASOLO\r'),
(11,321,'ACÁMBARO\r'),
(11,322,'SAN MIGUEL DE ALLENDE\r'),
(11,323,'APASEO EL ALTO\r'),
(11,324,'APASEO EL GRANDE\r'),
(11,325,'ATARJEA\r'),
(11,326,'CELAYA\r'),
(11,327,'MANUEL DOBLADO\r'),
(11,328,'COMONFORT\r'),
(11,329,'CORONEO\r'),
(11,330,'CORTAZAR\r'),
(11,331,'CUERÁMARO\r'),
(11,332,'DOCTOR MORA\r'),
(11,333,'DOLORES HIDALGO CUNA DE L'),
(11,334,'GUANAJUATO\r'),
(11,335,'HUANÍMARO\r'),
(11,336,'IRAPUATO\r'),
(11,337,'JARAL DEL PROGRESO\r'),
(11,338,'JERÉCUARO\r'),
(11,339,'LEÓN\r'),
(11,340,'MOROLEÓN\r'),
(11,341,'OCAMPO\r'),
(11,342,'PÉNJAMO\r'),
(11,343,'PUEBLO NUEVO\r'),
(11,344,'PURÍSIMA DEL RINCÓN\r'),
(11,345,'ROMITA\r'),
(11,346,'SALAMANCA\r'),
(11,347,'SALVATIERRA\r'),
(11,348,'SAN DIEGO DE LA UNIÓN\r'),
(11,349,'SAN FELIPE\r'),
(11,350,'SAN FRANCISCO DEL RINCÓN\r'),
(11,351,'SAN JOSÉ ITURBIDE\r'),
(11,352,'SAN LUIS DE LA PAZ\r'),
(11,353,'SANTA CATARINA\r'),
(11,354,'SANTA CRUZ DE JUVENTINO R'),
(11,355,'SANTIAGO MARAVATÍO\r'),
(11,356,'SILAO\r'),
(11,357,'TARANDACUAO\r'),
(11,358,'TARIMORO\r'),
(11,359,'TIERRA BLANCA\r'),
(11,360,'URIANGATO\r'),
(11,361,'VALLE DE SANTIAGO\r'),
(11,362,'VICTORIA\r'),
(11,363,'VILLAGRÁN\r'),
(11,364,'XICHÚ\r'),
(11,365,'YURIRIA\r'),
(12,366,'ACAPULCO DE JUÁREZ\r'),
(12,367,'AHUACUOTZINGO\r'),
(12,368,'AJUCHITLÁN DEL PROGRESO\r'),
(12,369,'ALCOZAUCA DE GUERRERO\r'),
(12,370,'ALPOYECA\r'),
(12,371,'APAXTLA\r'),
(12,372,'ARCELIA\r'),
(12,373,'ATENANGO DEL RÍO\r'),
(12,374,'ATLAMAJALCINGO DEL MONTE\r'),
(12,375,'ATLIXTAC\r'),
(12,376,'ATOYAC DE ÁLVAREZ\r'),
(12,377,'AYUTLA DE LOS LIBRES\r'),
(12,378,'AZOYÚ\r'),
(12,379,'BENITO JUÁREZ\r'),
(12,380,'BUENAVISTA DE CUÉLLAR\r'),
(12,381,'COAHUAYUTLA DE JOSÉ MARÍA'),
(12,382,'COCULA\r'),
(12,383,'COPALA\r'),
(12,384,'COPALILLO\r'),
(12,385,'COPANATOYAC\r'),
(12,386,'COYUCA DE BENÍTEZ\r'),
(12,387,'COYUCA DE CATALÁN\r'),
(12,388,'CUAJINICUILAPA\r'),
(12,389,'CUALÁC\r'),
(12,390,'CUAUTEPEC\r'),
(12,391,'CUETZALA DEL PROGRESO\r'),
(12,392,'CUTZAMALA DE PINZÓN\r'),
(12,393,'CHILAPA DE ÁLVAREZ\r'),
(12,394,'CHILPANCINGO DE LOS BRAVO'),
(12,395,'FLORENCIO VILLARREAL\r'),
(12,396,'GENERAL CANUTO A. NERI\r'),
(12,397,'GENERAL HELIODORO CASTILL'),
(12,398,'HUAMUXTITLÁN\r'),
(12,399,'HUITZUCO DE LOS FIGUEROA\r'),
(12,400,'IGUALA DE LA INDEPENDENCI'),
(12,401,'IGUALAPA\r'),
(12,402,'IXCATEOPAN DE CUAUHTÉMOC\r'),
(12,403,'ZIHUATANEJO DE AZUETA\r'),
(12,404,'JUAN R. ESCUDERO\r'),
(12,405,'LEONARDO BRAVO\r'),
(12,406,'MALINALTEPEC\r'),
(12,407,'MÁRTIR DE CUILAPAN\r'),
(12,408,'METLATÓNOC\r'),
(12,409,'MOCHITLÁN\r'),
(12,410,'OLINALÁ\r'),
(12,411,'OMETEPEC\r'),
(12,412,'PEDRO ASCENCIO ALQUISIRAS'),
(12,413,'PETATLÁN\r'),
(12,414,'PILCAYA\r'),
(12,415,'PUNGARABATO\r'),
(12,416,'QUECHULTENANGO\r'),
(12,417,'SAN LUIS ACATLÁN\r'),
(12,418,'SAN MARCOS\r'),
(12,419,'SAN MIGUEL TOTOLAPAN\r'),
(12,420,'TAXCO DE ALARCÓN\r'),
(12,421,'TECOANAPA\r'),
(12,422,'TÉCPAN DE GALEANA\r'),
(12,423,'TELOLOAPAN\r'),
(12,424,'TEPECOACUILCO DE TRUJANO\r'),
(12,425,'TETIPAC\r'),
(12,426,'TIXTLA DE GUERRERO\r'),
(12,427,'TLACOACHISTLAHUACA\r'),
(12,428,'TLACOAPA\r'),
(12,429,'TLALCHAPA\r'),
(12,430,'TLALIXTAQUILLA DE MALDONA'),
(12,431,'TLAPA DE COMONFORT\r'),
(12,432,'TLAPEHUALA\r'),
(12,433,'LA UNIÓN DE ISIDORO MONTE'),
(12,434,'XALPATLÁHUAC\r'),
(12,435,'XOCHIHUEHUETLÁN\r'),
(12,436,'XOCHISTLAHUACA\r'),
(12,437,'ZAPOTITLÁN TABLAS\r'),
(12,438,'ZIRÁNDARO\r'),
(12,439,'ZITLALA\r'),
(12,440,'EDUARDO NERI\r'),
(12,441,'ACATEPEC\r'),
(12,442,'MARQUELIA\r'),
(12,443,'COCHOAPA EL GRANDE\r'),
(12,444,'JOSÉ JOAQUÍN DE HERRERA\r'),
(12,445,'JUCHITÁN\r'),
(12,446,'ILIATENCO\r'),
(13,447,'ACATLÁN\r'),
(13,448,'ACAXOCHITLÁN\r'),
(13,449,'ACTOPAN\r'),
(13,450,'AGUA BLANCA DE ITURBIDE\r'),
(13,451,'AJACUBA\r'),
(13,452,'ALFAJAYUCAN\r'),
(13,453,'ALMOLOYA\r'),
(13,454,'APAN\r'),
(13,455,'EL ARENAL\r'),
(13,456,'ATITALAQUIA\r'),
(13,457,'ATLAPEXCO\r'),
(13,458,'ATOTONILCO EL GRANDE\r'),
(13,459,'ATOTONILCO DE TULA\r'),
(13,460,'CALNALI\r'),
(13,461,'CARDONAL\r'),
(13,462,'CUAUTEPEC DE HINOJOSA\r'),
(13,463,'CHAPANTONGO\r'),
(13,464,'CHAPULHUACÁN\r'),
(13,465,'CHILCUAUTLA\r'),
(13,466,'ELOXOCHITLÁN\r'),
(13,467,'EMILIANO ZAPATA\r'),
(13,468,'EPAZOYUCAN\r'),
(13,469,'FRANCISCO I. MADERO\r'),
(13,470,'HUASCA DE OCAMPO\r'),
(13,471,'HUAUTLA\r'),
(13,472,'HUAZALINGO\r'),
(13,473,'HUEHUETLA\r'),
(13,474,'HUEJUTLA DE REYES\r'),
(13,475,'HUICHAPAN\r'),
(13,476,'IXMIQUILPAN\r'),
(13,477,'JACALA DE LEDEZMA\r'),
(13,478,'JALTOCÁN\r'),
(13,479,'JUÁREZ HIDALGO\r'),
(13,480,'LOLOTLA\r'),
(13,481,'METEPEC\r'),
(13,482,'SAN AGUSTÍN METZQUITITLÁN'),
(13,483,'METZTITLÁN\r'),
(13,484,'MINERAL DEL CHICO\r'),
(13,485,'MINERAL DEL MONTE\r'),
(13,486,'LA MISIÓN\r'),
(13,487,'MIXQUIAHUALA DE JUÁREZ\r'),
(13,488,'MOLANGO DE ESCAMILLA\r'),
(13,489,'NICOLÁS FLORES\r'),
(13,490,'NOPALA DE VILLAGRÁN\r'),
(13,491,'OMITLÁN DE JUÁREZ\r'),
(13,492,'SAN FELIPE ORIZATLÁN\r'),
(13,493,'PACULA\r'),
(13,494,'PACHUCA DE SOTO\r'),
(13,495,'PISAFLORES\r'),
(13,496,'PROGRESO DE OBREGÓN\r'),
(13,497,'MINERAL DE LA REFORMA\r'),
(13,498,'SAN AGUSTÍN TLAXIACA\r'),
(13,499,'SAN BARTOLO TUTOTEPEC\r'),
(13,500,'SAN SALVADOR\r'),
(13,501,'SANTIAGO DE ANAYA\r'),
(13,502,'SANTIAGO TULANTEPEC DE LU'),
(13,503,'SINGUILUCAN\r'),
(13,504,'TASQUILLO\r'),
(13,505,'TECOZAUTLA\r'),
(13,506,'TENANGO DE DORIA\r'),
(13,507,'TEPEAPULCO\r'),
(13,508,'TEPEHUACÁN DE GUERRERO\r'),
(13,509,'TEPEJI DEL RÍO DE OCAMPO\r'),
(13,510,'TEPETITLÁN\r'),
(13,511,'TETEPANGO\r'),
(13,512,'VILLA DE TEZONTEPEC\r'),
(13,513,'TEZONTEPEC DE ALDAMA\r'),
(13,514,'TIANGUISTENGO\r'),
(13,515,'TIZAYUCA\r'),
(13,516,'TLAHUELILPAN\r'),
(13,517,'TLAHUILTEPA\r'),
(13,518,'TLANALAPA\r'),
(13,519,'TLANCHINOL\r'),
(13,520,'TLAXCOAPAN\r'),
(13,521,'TOLCAYUCA\r'),
(13,522,'TULA DE ALLENDE\r'),
(13,523,'TULANCINGO DE BRAVO\r'),
(13,524,'XOCHIATIPAN\r'),
(13,525,'XOCHICOATLÁN\r'),
(13,526,'YAHUALICA\r'),
(13,527,'ZACUALTIPÁN DE ÁNGELES\r'),
(13,528,'ZAPOTLÁN DE JUÁREZ\r'),
(13,529,'ZEMPOALA\r'),
(13,530,'ZIMAPÁN\r'),
(14,531,'ACATIC\r'),
(14,532,'ACATLÁN DE JUÁREZ\r'),
(14,533,'AHUALULCO DE MERCADO\r'),
(14,534,'AMACUECA\r'),
(14,535,'AMATITÁN\r'),
(14,536,'AMECA\r'),
(14,537,'SAN JUANITO DE ESCOBEDO\r'),
(14,538,'ARANDAS\r'),
(14,539,'EL ARENAL\r'),
(14,540,'ATEMAJAC DE BRIZUELA\r'),
(14,541,'ATENGO\r'),
(14,542,'ATENGUILLO\r'),
(14,543,'ATOTONILCO EL ALTO\r'),
(14,544,'ATOYAC\r'),
(14,545,'AUTLÁN DE NAVARRO\r'),
(14,546,'AYOTLÁN\r'),
(14,547,'AYUTLA\r'),
(14,548,'LA BARCA\r'),
(14,549,'BOLAÑOS\r'),
(14,550,'CABO CORRIENTES\r'),
(14,551,'CASIMIRO CASTILLO\r'),
(14,552,'CIHUATLÁN\r'),
(14,553,'ZAPOTLÁN EL GRANDE\r'),
(14,554,'COCULA\r'),
(14,555,'COLOTLÁN\r'),
(14,556,'CONCEPCIÓN DE BUENOS AIRE'),
(14,557,'CUAUTITLÁN DE GARCÍA BARR'),
(14,558,'CUAUTLA\r'),
(14,559,'CUQUÍO\r'),
(14,560,'CHAPALA\r'),
(14,561,'CHIMALTITÁN\r'),
(14,562,'CHIQUILISTLÁN\r'),
(14,563,'DEGOLLADO\r'),
(14,564,'EJUTLA\r'),
(14,565,'ENCARNACIÓN DE DÍAZ\r'),
(14,566,'ETZATLÁN\r'),
(14,567,'EL GRULLO\r'),
(14,568,'GUACHINANGO\r'),
(14,569,'GUADALAJARA\r'),
(14,570,'HOSTOTIPAQUILLO\r'),
(14,571,'HUEJÚCAR\r'),
(14,572,'HUEJUQUILLA EL ALTO\r'),
(14,573,'LA HUERTA\r'),
(14,574,'IXTLAHUACÁN DE LOS MEMBRI'),
(14,575,'IXTLAHUACÁN DEL RÍO\r'),
(14,576,'JALOSTOTITLÁN\r'),
(14,577,'JAMAY\r'),
(14,578,'JESÚS MARÍA\r'),
(14,579,'JILOTLÁN DE LOS DOLORES\r'),
(14,580,'JOCOTEPEC\r'),
(14,581,'JUANACATLÁN\r'),
(14,582,'JUCHITLÁN\r'),
(14,583,'LAGOS DE MORENO\r'),
(14,584,'EL LIMÓN\r'),
(14,585,'MAGDALENA\r'),
(14,586,'SANTA MARÍA DEL ORO\r'),
(14,587,'LA MANZANILLA DE LA PAZ\r'),
(14,588,'MASCOTA\r'),
(14,589,'MAZAMITLA\r'),
(14,590,'MEXTICACÁN\r'),
(14,591,'MEZQUITIC\r'),
(14,592,'MIXTLÁN\r'),
(14,593,'OCOTLÁN\r'),
(14,594,'OJUELOS DE JALISCO\r'),
(14,595,'PIHUAMO\r'),
(14,596,'PONCITLÁN\r'),
(14,597,'PUERTO VALLARTA\r'),
(14,598,'VILLA PURIFICACIÓN\r'),
(14,599,'QUITUPAN\r'),
(14,600,'EL SALTO\r'),
(14,601,'SAN CRISTÓBAL DE LA BARRA'),
(14,602,'SAN DIEGO DE ALEJANDRÍA\r'),
(14,603,'SAN JUAN DE LOS LAGOS\r'),
(14,604,'SAN JULIÁN\r'),
(14,605,'SAN MARCOS\r'),
(14,606,'SAN MARTÍN DE BOLAÑOS\r'),
(14,607,'SAN MARTÍN HIDALGO\r'),
(14,608,'SAN MIGUEL EL ALTO\r'),
(14,609,'GÓMEZ FARÍAS\r'),
(14,610,'SAN SEBASTIÁN DEL OESTE\r'),
(14,611,'SANTA MARÍA DE LOS ÁNGELE'),
(14,612,'SAYULA\r'),
(14,613,'TALA\r'),
(14,614,'TALPA DE ALLENDE\r'),
(14,615,'TAMAZULA DE GORDIANO\r'),
(14,616,'TAPALPA\r'),
(14,617,'TECALITLÁN\r'),
(14,618,'TECOLOTLÁN\r'),
(14,619,'TECHALUTA DE MONTENEGRO\r'),
(14,620,'TENAMAXTLÁN\r'),
(14,621,'TEOCALTICHE\r'),
(14,622,'TEOCUITATLÁN DE CORONA\r'),
(14,623,'TEPATITLÁN DE MORELOS\r'),
(14,624,'TEQUILA\r'),
(14,625,'TEUCHITLÁN\r'),
(14,626,'TIZAPÁN EL ALTO\r'),
(14,627,'TLAJOMULCO DE ZÚÑIGA\r'),
(14,628,'TLAQUEPAQUE\r'),
(14,629,'TOLIMÁN\r'),
(14,630,'TOMATLÁN\r'),
(14,631,'TONALÁ\r'),
(14,632,'TONAYA\r'),
(14,633,'TONILA\r'),
(14,634,'TOTATICHE\r'),
(14,635,'TOTOTLÁN\r'),
(14,636,'TUXCACUESCO\r'),
(14,637,'TUXCUECA\r'),
(14,638,'TUXPAN\r'),
(14,639,'UNIÓN DE SAN ANTONIO\r'),
(14,640,'UNIÓN DE TULA\r'),
(14,641,'VALLE DE GUADALUPE\r'),
(14,642,'VALLE DE JUÁREZ\r'),
(14,643,'SAN GABRIEL\r'),
(14,644,'VILLA CORONA\r'),
(14,645,'VILLA GUERRERO\r'),
(14,646,'VILLA HIDALGO\r'),
(14,647,'CAÑADAS DE OBREGÓN\r'),
(14,648,'YAHUALICA DE GONZÁLEZ GAL'),
(14,649,'ZACOALCO DE TORRES\r'),
(14,650,'ZAPOPAN\r'),
(14,651,'ZAPOTILTIC\r'),
(14,652,'ZAPOTITLÁN DE VADILLO\r'),
(14,653,'ZAPOTLÁN DEL REY\r'),
(14,654,'ZAPOTLANEJO\r'),
(14,655,'SAN IGNACIO CERRO GORDO\r'),
(15,656,'ACAMBAY\r'),
(15,657,'ACOLMAN\r'),
(15,658,'ACULCO\r'),
(15,659,'ALMOLOYA DE ALQUISIRAS\r'),
(15,660,'ALMOLOYA DE JUÁREZ\r'),
(15,661,'ALMOLOYA DEL RÍO\r'),
(15,662,'AMANALCO\r'),
(15,663,'AMATEPEC\r'),
(15,664,'AMECAMECA\r'),
(15,665,'APAXCO\r'),
(15,666,'ATENCO\r'),
(15,667,'ATIZAPÁN\r'),
(15,668,'ATIZAPÁN DE ZARAGOZA\r'),
(15,669,'ATLACOMULCO\r'),
(15,670,'ATLAUTLA\r'),
(15,671,'AXAPUSCO\r'),
(15,672,'AYAPANGO\r'),
(15,673,'CALIMAYA\r'),
(15,674,'CAPULHUAC\r'),
(15,675,'COACALCO DE BERRIOZÁBAL\r'),
(15,676,'COATEPEC HARINAS\r'),
(15,677,'COCOTITLÁN\r'),
(15,678,'COYOTEPEC\r'),
(15,679,'CUAUTITLÁN\r'),
(15,680,'CHALCO\r'),
(15,681,'CHAPA DE MOTA\r'),
(15,682,'CHAPULTEPEC\r'),
(15,683,'CHIAUTLA\r'),
(15,684,'CHICOLOAPAN\r'),
(15,685,'CHICONCUAC\r'),
(15,686,'CHIMALHUACÁN\r'),
(15,687,'DONATO GUERRA\r'),
(15,688,'ECATEPEC DE MORELOS\r'),
(15,689,'ECATZINGO\r'),
(15,690,'HUEHUETOCA\r'),
(15,691,'HUEYPOXTLA\r'),
(15,692,'HUIXQUILUCAN\r'),
(15,693,'ISIDRO FABELA\r'),
(15,694,'IXTAPALUCA\r'),
(15,695,'IXTAPAN DE LA SAL\r'),
(15,696,'IXTAPAN DEL ORO\r'),
(15,697,'IXTLAHUACA\r'),
(15,698,'XALATLACO\r'),
(15,699,'JALTENCO\r'),
(15,700,'JILOTEPEC\r'),
(15,701,'JILOTZINGO\r'),
(15,702,'JIQUIPILCO\r'),
(15,703,'JOCOTITLÁN\r'),
(15,704,'JOQUICINGO\r'),
(15,705,'JUCHITEPEC\r'),
(15,706,'LERMA\r'),
(15,707,'MALINALCO\r'),
(15,708,'MELCHOR OCAMPO\r'),
(15,709,'METEPEC\r'),
(15,710,'MEXICALTZINGO\r'),
(15,711,'MORELOS\r'),
(15,712,'NAUCALPAN DE JUÁREZ\r'),
(15,713,'NEZAHUALCÓYOTL\r'),
(15,714,'NEXTLALPAN\r'),
(15,715,'NICOLÁS ROMERO\r'),
(15,716,'NOPALTEPEC\r'),
(15,717,'OCOYOACAC\r'),
(15,718,'OCUILAN\r'),
(15,719,'EL ORO\r'),
(15,720,'OTUMBA\r'),
(15,721,'OTZOLOAPAN\r'),
(15,722,'OTZOLOTEPEC\r'),
(15,723,'OZUMBA\r'),
(15,724,'PAPALOTLA\r'),
(15,725,'LA PAZ\r'),
(15,726,'POLOTITLÁN\r'),
(15,727,'RAYÓN\r'),
(15,728,'SAN ANTONIO LA ISLA\r'),
(15,729,'SAN FELIPE DEL PROGRESO\r'),
(15,730,'SAN MARTÍN DE LAS PIRÁMID'),
(15,731,'SAN MATEO ATENCO\r'),
(15,732,'SAN SIMÓN DE GUERRERO\r'),
(15,733,'SANTO TOMÁS\r'),
(15,734,'SOYANIQUILPAN DE JUÁREZ\r'),
(15,735,'SULTEPEC\r'),
(15,736,'TECÁMAC\r'),
(15,737,'TEJUPILCO\r'),
(15,738,'TEMAMATLA\r'),
(15,739,'TEMASCALAPA\r'),
(15,740,'TEMASCALCINGO\r'),
(15,741,'TEMASCALTEPEC\r'),
(15,742,'TEMOAYA\r'),
(15,743,'TENANCINGO\r'),
(15,744,'TENANGO DEL AIRE\r'),
(15,745,'TENANGO DEL VALLE\r'),
(15,746,'TEOLOYUCAN\r'),
(15,747,'TEOTIHUACÁN\r'),
(15,748,'TEPETLAOXTOC\r'),
(15,749,'TEPETLIXPA\r'),
(15,750,'TEPOTZOTLÁN\r'),
(15,751,'TEQUIXQUIAC\r'),
(15,752,'TEXCALTITLÁN\r'),
(15,753,'TEXCALYACAC\r'),
(15,754,'TEXCOCO\r'),
(15,755,'TEZOYUCA\r'),
(15,756,'TIANGUISTENCO\r'),
(15,757,'TIMILPAN\r'),
(15,758,'TLALMANALCO\r'),
(15,759,'TLALNEPANTLA DE BAZ\r'),
(15,760,'TLATLAYA\r'),
(15,761,'TOLUCA\r'),
(15,762,'TONATICO\r'),
(15,763,'TULTEPEC\r'),
(15,764,'TULTITLÁN\r'),
(15,765,'VALLE DE BRAVO\r'),
(15,766,'VILLA DE ALLENDE\r'),
(15,767,'VILLA DEL CARBÓN\r'),
(15,768,'VILLA GUERRERO\r'),
(15,769,'VILLA VICTORIA\r'),
(15,770,'XONACATLÁN\r'),
(15,771,'ZACAZONAPAN\r'),
(15,772,'ZACUALPAN\r'),
(15,773,'ZINACANTEPEC\r'),
(15,774,'ZUMPAHUACÁN\r'),
(15,775,'ZUMPANGO\r'),
(15,776,'CUAUTITLÁN IZCALLI\r'),
(15,777,'VALLE DE CHALCO SOLIDARID'),
(15,778,'LUVIANOS\r'),
(15,779,'SAN JOSÉ DEL RINCÓN\r'),
(15,780,'TONANITLA\r'),
(16,781,'ACUITZIO\r'),
(16,782,'AGUILILLA\r'),
(16,783,'ÁLVARO OBREGÓN\r'),
(16,784,'ANGAMACUTIRO\r'),
(16,785,'ANGANGUEO\r'),
(16,786,'APATZINGÁN\r'),
(16,787,'APORO\r'),
(16,788,'AQUILA\r'),
(16,789,'ARIO\r'),
(16,790,'ARTEAGA\r'),
(16,791,'BRISEÑAS\r'),
(16,792,'BUENAVISTA\r'),
(16,793,'CARÁCUARO\r'),
(16,794,'COAHUAYANA\r'),
(16,795,'COALCOMÁN DE VÁZQUEZ PALL'),
(16,796,'COENEO\r'),
(16,797,'CONTEPEC\r'),
(16,798,'COPÁNDARO\r'),
(16,799,'COTIJA\r'),
(16,800,'CUITZEO\r'),
(16,801,'CHARAPAN\r'),
(16,802,'CHARO\r'),
(16,803,'CHAVINDA\r'),
(16,804,'CHERÁN\r'),
(16,805,'CHILCHOTA\r'),
(16,806,'CHINICUILA\r'),
(16,807,'CHUCÁNDIRO\r'),
(16,808,'CHURINTZIO\r'),
(16,809,'CHURUMUCO\r'),
(16,810,'ECUANDUREO\r'),
(16,811,'EPITACIO HUERTA\r'),
(16,812,'ERONGARÍCUARO\r'),
(16,813,'GABRIEL ZAMORA\r'),
(16,814,'HIDALGO\r'),
(16,815,'LA HUACANA\r'),
(16,816,'HUANDACAREO\r'),
(16,817,'HUANIQUEO\r'),
(16,818,'HUETAMO\r'),
(16,819,'HUIRAMBA\r'),
(16,820,'INDAPARAPEO\r'),
(16,821,'IRIMBO\r'),
(16,822,'IXTLÁN\r'),
(16,823,'JACONA\r'),
(16,824,'JIMÉNEZ\r'),
(16,825,'JIQUILPAN\r'),
(16,826,'JUÁREZ\r'),
(16,827,'JUNGAPEO\r'),
(16,828,'LAGUNILLAS\r'),
(16,829,'MADERO\r'),
(16,830,'MARAVATÍO\r'),
(16,831,'MARCOS CASTELLANOS\r'),
(16,832,'LÁZARO CÁRDENAS\r'),
(16,833,'MORELIA\r'),
(16,834,'MORELOS\r'),
(16,835,'MÚGICA\r'),
(16,836,'NAHUATZEN\r'),
(16,837,'NOCUPÉTARO\r'),
(16,838,'NUEVO PARANGARICUTIRO\r'),
(16,839,'NUEVO URECHO\r'),
(16,840,'NUMARÁN\r'),
(16,841,'OCAMPO\r'),
(16,842,'PAJACUARÁN\r'),
(16,843,'PANINDÍCUARO\r'),
(16,844,'PARÁCUARO\r'),
(16,845,'PARACHO\r'),
(16,846,'PÁTZCUARO\r'),
(16,847,'PENJAMILLO\r'),
(16,848,'PERIBÁN\r'),
(16,849,'LA PIEDAD\r'),
(16,850,'PURÉPERO\r'),
(16,851,'PURUÁNDIRO\r'),
(16,852,'QUERÉNDARO\r'),
(16,853,'QUIROGA\r'),
(16,854,'COJUMATLÁN DE RÉGULES\r'),
(16,855,'LOS REYES\r'),
(16,856,'SAHUAYO\r'),
(16,857,'SAN LUCAS\r'),
(16,858,'SANTA ANA MAYA\r'),
(16,859,'SALVADOR ESCALANTE\r'),
(16,860,'SENGUIO\r'),
(16,861,'SUSUPUATO\r'),
(16,862,'TACÁMBARO\r'),
(16,863,'TANCÍTARO\r'),
(16,864,'TANGAMANDAPIO\r'),
(16,865,'TANGANCÍCUARO\r'),
(16,866,'TANHUATO\r'),
(16,867,'TARETAN\r'),
(16,868,'TARÍMBARO\r'),
(16,869,'TEPALCATEPEC\r'),
(16,870,'TINGAMBATO\r'),
(16,871,'TINGÜINDÍN\r'),
(16,872,'TIQUICHEO DE NICOLÁS ROME'),
(16,873,'TLALPUJAHUA\r'),
(16,874,'TLAZAZALCA\r'),
(16,875,'TOCUMBO\r'),
(16,876,'TUMBISCATÍO\r'),
(16,877,'TURICATO\r'),
(16,878,'TUXPAN\r'),
(16,879,'TUZANTLA\r'),
(16,880,'TZINTZUNTZAN\r'),
(16,881,'TZITZIO\r'),
(16,882,'URUAPAN\r'),
(16,883,'VENUSTIANO CARRANZA\r'),
(16,884,'VILLAMAR\r'),
(16,885,'VISTA HERMOSA\r'),
(16,886,'YURÉCUARO\r'),
(16,887,'ZACAPU\r'),
(16,888,'ZAMORA\r'),
(16,889,'ZINÁPARO\r'),
(16,890,'ZINAPÉCUARO\r'),
(16,891,'ZIRACUARETIRO\r'),
(16,892,'ZITÁCUARO\r'),
(16,893,'JOSÉ SIXTO VERDUZCO\r'),
(17,894,'AMACUZAC\r'),
(17,895,'ATLATLAHUCAN\r'),
(17,896,'AXOCHIAPAN\r'),
(17,897,'AYALA\r'),
(17,898,'COATLÁN DEL RÍO\r'),
(17,899,'CUAUTLA\r'),
(17,900,'CUERNAVACA\r'),
(17,901,'EMILIANO ZAPATA\r'),
(17,902,'HUITZILAC\r'),
(17,903,'JANTETELCO\r'),
(17,904,'JIUTEPEC\r'),
(17,905,'JOJUTLA\r'),
(17,906,'JONACATEPEC\r'),
(17,907,'MAZATEPEC\r'),
(17,908,'MIACATLÁN\r'),
(17,909,'OCUITUCO\r'),
(17,910,'PUENTE DE IXTLA\r'),
(17,911,'TEMIXCO\r'),
(17,912,'TEPALCINGO\r'),
(17,913,'TEPOZTLÁN\r'),
(17,914,'TETECALA\r'),
(17,915,'TETELA DEL VOLCÁN\r'),
(17,916,'TLALNEPANTLA\r'),
(17,917,'TLALTIZAPÁN DE ZAPATA\r'),
(17,918,'TLAQUILTENANGO\r'),
(17,919,'TLAYACAPAN\r'),
(17,920,'TOTOLAPAN\r'),
(17,921,'XOCHITEPEC\r'),
(17,922,'YAUTEPEC\r'),
(17,923,'YECAPIXTLA\r'),
(17,924,'ZACATEPEC\r'),
(17,925,'ZACUALPAN\r'),
(17,926,'TEMOAC\r'),
(18,927,'ACAPONETA\r'),
(18,928,'AHUACATLÁN\r'),
(18,929,'AMATLÁN DE CAÑAS\r'),
(18,930,'COMPOSTELA\r'),
(18,931,'HUAJICORI\r'),
(18,932,'IXTLÁN DEL RÍO\r'),
(18,933,'JALA\r'),
(18,934,'XALISCO\r'),
(18,935,'DEL NAYAR\r'),
(18,936,'ROSAMORADA\r'),
(18,937,'RUÍZ\r'),
(18,938,'SAN BLAS\r'),
(18,939,'SAN PEDRO LAGUNILLAS\r'),
(18,940,'SANTA MARÍA DEL ORO\r'),
(18,941,'SANTIAGO IXCUINTLA\r'),
(18,942,'TECUALA\r'),
(18,943,'TEPIC\r'),
(18,944,'TUXPAN\r'),
(18,945,'LA YESCA\r'),
(18,946,'BAHÍA DE BANDERAS\r'),
(19,947,'ABASOLO\r'),
(19,948,'AGUALEGUAS\r'),
(19,949,'LOS ALDAMAS\r'),
(19,950,'ALLENDE\r'),
(19,951,'ANÁHUAC\r'),
(19,952,'APODACA\r'),
(19,953,'ARAMBERRI\r'),
(19,954,'BUSTAMANTE\r'),
(19,955,'CADEREYTA JIMÉNEZ\r'),
(19,956,'CARMEN\r'),
(19,957,'CERRALVO\r'),
(19,958,'CIÉNEGA DE FLORES\r'),
(19,959,'CHINA\r'),
(19,960,'DR. ARROYO\r'),
(19,961,'DR. COSS\r'),
(19,962,'DR. GONZÁLEZ\r'),
(19,963,'GALEANA\r'),
(19,964,'GARCÍA\r'),
(19,965,'SAN PEDRO GARZA GARCÍA\r'),
(19,966,'GRAL. BRAVO\r'),
(19,967,'GRAL. ESCOBEDO\r'),
(19,968,'GRAL. TERÁN\r'),
(19,969,'GRAL. TREVIÑO\r'),
(19,970,'GRAL. ZARAGOZA\r'),
(19,971,'GRAL. ZUAZUA\r'),
(19,972,'GUADALUPE\r'),
(19,973,'LOS HERRERAS\r'),
(19,974,'HIGUERAS\r'),
(19,975,'HUALAHUISES\r'),
(19,976,'ITURBIDE\r'),
(19,977,'JUÁREZ\r'),
(19,978,'LAMPAZOS DE NARANJO\r'),
(19,979,'LINARES\r'),
(19,980,'MARÍN\r'),
(19,981,'MELCHOR OCAMPO\r'),
(19,982,'MIER Y NORIEGA\r'),
(19,983,'MINA\r'),
(19,984,'MONTEMORELOS\r'),
(19,985,'MONTERREY\r'),
(19,986,'PARÁS\r'),
(19,987,'PESQUERÍA\r'),
(19,988,'LOS RAMONES\r'),
(19,989,'RAYONES\r'),
(19,990,'SABINAS HIDALGO\r'),
(19,991,'SALINAS VICTORIA\r'),
(19,992,'SAN NICOLÁS DE LOS GARZA\r'),
(19,993,'HIDALGO\r'),
(19,994,'SANTA CATARINA\r'),
(19,995,'SANTIAGO\r'),
(19,996,'VALLECILLO\r'),
(19,997,'VILLALDAMA\r'),
(20,998,'ABEJONES\r'),
(20,999,'ACATLÁN DE PÉREZ FIGUEROA'),
(20,1000,'ASUNCIÓN CACALOTEPEC\r'),
(20,1001,'ASUNCIÓN CUYOTEPEJI\r'),
(20,1002,'ASUNCIÓN IXTALTEPEC\r'),
(20,1003,'ASUNCIÓN NOCHIXTLÁN\r'),
(20,1004,'ASUNCIÓN OCOTLÁN\r'),
(20,1005,'ASUNCIÓN TLACOLULITA\r'),
(20,1006,'AYOTZINTEPEC\r'),
(20,1007,'EL BARRIO DE LA SOLEDAD\r'),
(20,1008,'CALIHUALÁ\r'),
(20,1009,'CANDELARIA LOXICHA\r'),
(20,1010,'CIÉNEGA DE ZIMATLÁN\r'),
(20,1011,'CIUDAD IXTEPEC\r'),
(20,1012,'COATECAS ALTAS\r'),
(20,1013,'COICOYÁN DE LAS FLORES\r'),
(20,1014,'LA COMPAÑÍA\r'),
(20,1015,'CONCEPCIÓN BUENAVISTA\r'),
(20,1016,'CONCEPCIÓN PÁPALO\r'),
(20,1017,'CONSTANCIA DEL ROSARIO\r'),
(20,1018,'COSOLAPA\r'),
(20,1019,'COSOLTEPEC\r'),
(20,1020,'CUILÁPAM DE GUERRERO\r'),
(20,1021,'CUYAMECALCO VILLA DE ZARA'),
(20,1022,'CHAHUITES\r'),
(20,1023,'CHALCATONGO DE HIDALGO\r'),
(20,1024,'CHIQUIHUITLÁN DE BENITO J'),
(20,1025,'HEROICA CIUDAD DE EJUTLA '),
(20,1026,'ELOXOCHITLÁN DE FLORES MA'),
(20,1027,'EL ESPINAL\r'),
(20,1028,'TAMAZULÁPAM DEL ESPÍRITU '),
(20,1029,'FRESNILLO DE TRUJANO\r'),
(20,1030,'GUADALUPE ETLA\r'),
(20,1031,'GUADALUPE DE RAMÍREZ\r'),
(20,1032,'GUELATAO DE JUÁREZ\r'),
(20,1033,'GUEVEA DE HUMBOLDT\r'),
(20,1034,'MESONES HIDALGO\r'),
(20,1035,'VILLA HIDALGO\r'),
(20,1036,'HEROICA CIUDAD DE HUAJUAP'),
(20,1037,'HUAUTEPEC\r'),
(20,1038,'HUAUTLA DE JIMÉNEZ\r'),
(20,1039,'IXTLÁN DE JUÁREZ\r'),
(20,1040,'HEROICA CIUDAD DE JUCHITÁ'),
(20,1041,'LOMA BONITA\r'),
(20,1042,'MAGDALENA APASCO\r'),
(20,1043,'MAGDALENA JALTEPEC\r'),
(20,1044,'SANTA MAGDALENA JICOTLÁN\r'),
(20,1045,'MAGDALENA MIXTEPEC\r'),
(20,1046,'MAGDALENA OCOTLÁN\r'),
(20,1047,'MAGDALENA PEÑASCO\r'),
(20,1048,'MAGDALENA TEITIPAC\r'),
(20,1049,'MAGDALENA TEQUISISTLÁN\r'),
(20,1050,'MAGDALENA TLACOTEPEC\r'),
(20,1051,'MAGDALENA ZAHUATLÁN\r'),
(20,1052,'MARISCALA DE JUÁREZ\r'),
(20,1053,'MÁRTIRES DE TACUBAYA\r'),
(20,1054,'MATÍAS ROMERO AVENDAÑO\r'),
(20,1055,'MAZATLÁN VILLA DE FLORES\r'),
(20,1056,'MIAHUATLÁN DE PORFIRIO DÍ'),
(20,1057,'MIXISTLÁN DE LA REFORMA\r'),
(20,1058,'MONJAS\r'),
(20,1059,'NATIVIDAD\r'),
(20,1060,'NAZARENO ETLA\r'),
(20,1061,'NEJAPA DE MADERO\r'),
(20,1062,'IXPANTEPEC NIEVES\r'),
(20,1063,'SANTIAGO NILTEPEC\r'),
(20,1064,'OAXACA DE JUÁREZ\r'),
(20,1065,'OCOTLÁN DE MORELOS\r'),
(20,1066,'LA PE\r'),
(20,1067,'PINOTEPA DE DON LUIS\r'),
(20,1068,'PLUMA HIDALGO\r'),
(20,1069,'SAN JOSÉ DEL PROGRESO\r'),
(20,1070,'PUTLA VILLA DE GUERRERO\r'),
(20,1071,'SANTA CATARINA QUIOQUITAN'),
(20,1072,'REFORMA DE PINEDA\r'),
(20,1073,'LA REFORMA\r'),
(20,1074,'REYES ETLA\r'),
(20,1075,'ROJAS DE CUAUHTÉMOC\r'),
(20,1076,'SALINA CRUZ\r'),
(20,1077,'SAN AGUSTÍN AMATENGO\r'),
(20,1078,'SAN AGUSTÍN ATENANGO\r'),
(20,1079,'SAN AGUSTÍN CHAYUCO\r'),
(20,1080,'SAN AGUSTÍN DE LAS JUNTAS'),
(20,1081,'SAN AGUSTÍN ETLA\r'),
(20,1082,'SAN AGUSTÍN LOXICHA\r'),
(20,1083,'SAN AGUSTÍN TLACOTEPEC\r'),
(20,1084,'SAN AGUSTÍN YATARENI\r'),
(20,1085,'SAN ANDRÉS CABECERA NUEVA'),
(20,1086,'SAN ANDRÉS DINICUITI\r'),
(20,1087,'SAN ANDRÉS HUAXPALTEPEC\r'),
(20,1088,'SAN ANDRÉS HUAYÁPAM\r'),
(20,1089,'SAN ANDRÉS IXTLAHUACA\r'),
(20,1090,'SAN ANDRÉS LAGUNAS\r'),
(20,1091,'SAN ANDRÉS NUXIÑO\r'),
(20,1092,'SAN ANDRÉS PAXTLÁN\r'),
(20,1093,'SAN ANDRÉS SINAXTLA\r'),
(20,1094,'SAN ANDRÉS SOLAGA\r'),
(20,1095,'SAN ANDRÉS TEOTILÁLPAM\r'),
(20,1096,'SAN ANDRÉS TEPETLAPA\r'),
(20,1097,'SAN ANDRÉS YAÁ\r'),
(20,1098,'SAN ANDRÉS ZABACHE\r'),
(20,1099,'SAN ANDRÉS ZAUTLA\r'),
(20,1100,'SAN ANTONINO CASTILLO VEL'),
(20,1101,'SAN ANTONINO EL ALTO\r'),
(20,1102,'SAN ANTONINO MONTE VERDE\r'),
(20,1103,'SAN ANTONIO ACUTLA\r'),
(20,1104,'SAN ANTONIO DE LA CAL\r'),
(20,1105,'SAN ANTONIO HUITEPEC\r'),
(20,1106,'SAN ANTONIO NANAHUATÍPAM\r'),
(20,1107,'SAN ANTONIO SINICAHUA\r'),
(20,1108,'SAN ANTONIO TEPETLAPA\r'),
(20,1109,'SAN BALTAZAR CHICHICÁPAM\r'),
(20,1110,'SAN BALTAZAR LOXICHA\r'),
(20,1111,'SAN BALTAZAR YATZACHI EL '),
(20,1112,'SAN BARTOLO COYOTEPEC\r'),
(20,1113,'SAN BARTOLOMÉ AYAUTLA\r'),
(20,1114,'SAN BARTOLOMÉ LOXICHA\r'),
(20,1115,'SAN BARTOLOMÉ QUIALANA\r'),
(20,1116,'SAN BARTOLOMÉ YUCUAÑE\r'),
(20,1117,'SAN BARTOLOMÉ ZOOGOCHO\r'),
(20,1118,'SAN BARTOLO SOYALTEPEC\r'),
(20,1119,'SAN BARTOLO YAUTEPEC\r'),
(20,1120,'SAN BERNARDO MIXTEPEC\r'),
(20,1121,'SAN BLAS ATEMPA\r'),
(20,1122,'SAN CARLOS YAUTEPEC\r'),
(20,1123,'SAN CRISTÓBAL AMATLÁN\r'),
(20,1124,'SAN CRISTÓBAL AMOLTEPEC\r'),
(20,1125,'SAN CRISTÓBAL LACHIRIOAG\r'),
(20,1126,'SAN CRISTÓBAL SUCHIXTLAHU'),
(20,1127,'SAN DIONISIO DEL MAR\r'),
(20,1128,'SAN DIONISIO OCOTEPEC\r'),
(20,1129,'SAN DIONISIO OCOTLÁN\r'),
(20,1130,'SAN ESTEBAN ATATLAHUCA\r'),
(20,1131,'SAN FELIPE JALAPA DE DÍAZ'),
(20,1132,'SAN FELIPE TEJALÁPAM\r'),
(20,1133,'SAN FELIPE USILA\r'),
(20,1134,'SAN FRANCISCO CAHUACUÁ\r'),
(20,1135,'SAN FRANCISCO CAJONOS\r'),
(20,1136,'SAN FRANCISCO CHAPULAPA\r'),
(20,1137,'SAN FRANCISCO CHINDÚA\r'),
(20,1138,'SAN FRANCISCO DEL MAR\r'),
(20,1139,'SAN FRANCISCO HUEHUETLÁN\r'),
(20,1140,'SAN FRANCISCO IXHUATÁN\r'),
(20,1141,'SAN FRANCISCO JALTEPETONG'),
(20,1142,'SAN FRANCISCO LACHIGOLÓ\r'),
(20,1143,'SAN FRANCISCO LOGUECHE\r'),
(20,1144,'SAN FRANCISCO NUXAÑO\r'),
(20,1145,'SAN FRANCISCO OZOLOTEPEC\r'),
(20,1146,'SAN FRANCISCO SOLA\r'),
(20,1147,'SAN FRANCISCO TELIXTLAHUA'),
(20,1148,'SAN FRANCISCO TEOPAN\r'),
(20,1149,'SAN FRANCISCO TLAPANCINGO'),
(20,1150,'SAN GABRIEL MIXTEPEC\r'),
(20,1151,'SAN ILDEFONSO AMATLÁN\r'),
(20,1152,'SAN ILDEFONSO SOLA\r'),
(20,1153,'SAN ILDEFONSO VILLA ALTA\r'),
(20,1154,'SAN JACINTO AMILPAS\r'),
(20,1155,'SAN JACINTO TLACOTEPEC\r'),
(20,1156,'SAN JERÓNIMO COATLÁN\r'),
(20,1157,'SAN JERÓNIMO SILACAYOAPIL'),
(20,1158,'SAN JERÓNIMO SOSOLA\r'),
(20,1159,'SAN JERÓNIMO TAVICHE\r'),
(20,1160,'SAN JERÓNIMO TECÓATL\r'),
(20,1161,'SAN JORGE NUCHITA\r'),
(20,1162,'SAN JOSÉ AYUQUILA\r'),
(20,1163,'SAN JOSÉ CHILTEPEC\r'),
(20,1164,'SAN JOSÉ DEL PEÑASCO\r'),
(20,1165,'SAN JOSÉ ESTANCIA GRANDE\r'),
(20,1166,'SAN JOSÉ INDEPENDENCIA\r'),
(20,1167,'SAN JOSÉ LACHIGUIRI\r'),
(20,1168,'SAN JOSÉ TENANGO\r'),
(20,1169,'SAN JUAN ACHIUTLA\r'),
(20,1170,'SAN JUAN ATEPEC\r'),
(20,1171,'ÁNIMAS TRUJANO\r'),
(20,1172,'SAN JUAN BAUTISTA ATATLAH'),
(20,1173,'SAN JUAN BAUTISTA COIXTLA'),
(20,1174,'SAN JUAN BAUTISTA CUICATL'),
(20,1175,'SAN JUAN BAUTISTA GUELACH'),
(20,1176,'SAN JUAN BAUTISTA JAYACAT'),
(20,1177,'SAN JUAN BAUTISTA LO DE S'),
(20,1178,'SAN JUAN BAUTISTA SUCHITE'),
(20,1179,'SAN JUAN BAUTISTA TLACOAT'),
(20,1180,'SAN JUAN BAUTISTA TLACHIC'),
(20,1181,'SAN JUAN BAUTISTA TUXTEPE'),
(20,1182,'SAN JUAN CACAHUATEPEC\r'),
(20,1183,'SAN JUAN CIENEGUILLA\r'),
(20,1184,'SAN JUAN COATZÓSPAM\r'),
(20,1185,'SAN JUAN COLORADO\r'),
(20,1186,'SAN JUAN COMALTEPEC\r'),
(20,1187,'SAN JUAN COTZOCÓN\r'),
(20,1188,'SAN JUAN CHICOMEZÚCHIL\r'),
(20,1189,'SAN JUAN CHILATECA\r'),
(20,1190,'SAN JUAN DEL ESTADO\r'),
(20,1191,'SAN JUAN DEL RÍO\r'),
(20,1192,'SAN JUAN DIUXI\r'),
(20,1193,'SAN JUAN EVANGELISTA ANAL'),
(20,1194,'SAN JUAN GUELAVÍA\r'),
(20,1195,'SAN JUAN GUICHICOVI\r'),
(20,1196,'SAN JUAN IHUALTEPEC\r'),
(20,1197,'SAN JUAN JUQUILA MIXES\r'),
(20,1198,'SAN JUAN JUQUILA VIJANOS\r'),
(20,1199,'SAN JUAN LACHAO\r'),
(20,1200,'SAN JUAN LACHIGALLA\r'),
(20,1201,'SAN JUAN LAJARCIA\r'),
(20,1202,'SAN JUAN LALANA\r'),
(20,1203,'SAN JUAN DE LOS CUÉS\r'),
(20,1204,'SAN JUAN MAZATLÁN\r'),
(20,1205,'SAN JUAN MIXTEPEC -DTO. 0'),
(20,1206,'SAN JUAN MIXTEPEC -DTO. 2'),
(20,1207,'SAN JUAN ÑUMÍ\r'),
(20,1208,'SAN JUAN OZOLOTEPEC\r'),
(20,1209,'SAN JUAN PETLAPA\r'),
(20,1210,'SAN JUAN QUIAHIJE\r'),
(20,1211,'SAN JUAN QUIOTEPEC\r'),
(20,1212,'SAN JUAN SAYULTEPEC\r'),
(20,1213,'SAN JUAN TABAÁ\r'),
(20,1214,'SAN JUAN TAMAZOLA\r'),
(20,1215,'SAN JUAN TEITA\r'),
(20,1216,'SAN JUAN TEITIPAC\r'),
(20,1217,'SAN JUAN TEPEUXILA\r'),
(20,1218,'SAN JUAN TEPOSCOLULA\r'),
(20,1219,'SAN JUAN YAEÉ\r'),
(20,1220,'SAN JUAN YATZONA\r'),
(20,1221,'SAN JUAN YUCUITA\r'),
(20,1222,'SAN LORENZO\r'),
(20,1223,'SAN LORENZO ALBARRADAS\r'),
(20,1224,'SAN LORENZO CACAOTEPEC\r'),
(20,1225,'SAN LORENZO CUAUNECUILTIT'),
(20,1226,'SAN LORENZO TEXMELÚCAN\r'),
(20,1227,'SAN LORENZO VICTORIA\r'),
(20,1228,'SAN LUCAS CAMOTLÁN\r'),
(20,1229,'SAN LUCAS OJITLÁN\r'),
(20,1230,'SAN LUCAS QUIAVINÍ\r'),
(20,1231,'SAN LUCAS ZOQUIÁPAM\r'),
(20,1232,'SAN LUIS AMATLÁN\r'),
(20,1233,'SAN MARCIAL OZOLOTEPEC\r'),
(20,1234,'SAN MARCOS ARTEAGA\r'),
(20,1235,'SAN MARTÍN DE LOS CANSECO'),
(20,1236,'SAN MARTÍN HUAMELÚLPAM\r'),
(20,1237,'SAN MARTÍN ITUNYOSO\r'),
(20,1238,'SAN MARTÍN LACHILÁ\r'),
(20,1239,'SAN MARTÍN PERAS\r'),
(20,1240,'SAN MARTÍN TILCAJETE\r'),
(20,1241,'SAN MARTÍN TOXPALAN\r'),
(20,1242,'SAN MARTÍN ZACATEPEC\r'),
(20,1243,'SAN MATEO CAJONOS\r'),
(20,1244,'CAPULÁLPAM DE MÉNDEZ\r'),
(20,1245,'SAN MATEO DEL MAR\r'),
(20,1246,'SAN MATEO YOLOXOCHITLÁN\r'),
(20,1247,'SAN MATEO ETLATONGO\r'),
(20,1248,'SAN MATEO NEJÁPAM\r'),
(20,1249,'SAN MATEO PEÑASCO\r'),
(20,1250,'SAN MATEO PIÑAS\r'),
(20,1251,'SAN MATEO RÍO HONDO\r'),
(20,1252,'SAN MATEO SINDIHUI\r'),
(20,1253,'SAN MATEO TLAPILTEPEC\r'),
(20,1254,'SAN MELCHOR BETAZA\r'),
(20,1255,'SAN MIGUEL ACHIUTLA\r'),
(20,1256,'SAN MIGUEL AHUEHUETITLÁN\r'),
(20,1257,'SAN MIGUEL ALOÁPAM\r'),
(20,1258,'SAN MIGUEL AMATITLÁN\r'),
(20,1259,'SAN MIGUEL AMATLÁN\r'),
(20,1260,'SAN MIGUEL COATLÁN\r'),
(20,1261,'SAN MIGUEL CHICAHUA\r'),
(20,1262,'SAN MIGUEL CHIMALAPA\r'),
(20,1263,'SAN MIGUEL DEL PUERTO\r'),
(20,1264,'SAN MIGUEL DEL RÍO\r'),
(20,1265,'SAN MIGUEL EJUTLA\r'),
(20,1266,'SAN MIGUEL EL GRANDE\r'),
(20,1267,'SAN MIGUEL HUAUTLA\r'),
(20,1268,'SAN MIGUEL MIXTEPEC\r'),
(20,1269,'SAN MIGUEL PANIXTLAHUACA\r'),
(20,1270,'SAN MIGUEL PERAS\r'),
(20,1271,'SAN MIGUEL PIEDRAS\r'),
(20,1272,'SAN MIGUEL QUETZALTEPEC\r'),
(20,1273,'SAN MIGUEL SANTA FLOR\r'),
(20,1274,'VILLA SOLA DE VEGA\r'),
(20,1275,'SAN MIGUEL SOYALTEPEC\r'),
(20,1276,'SAN MIGUEL SUCHIXTEPEC\r'),
(20,1277,'VILLA TALEA DE CASTRO\r'),
(20,1278,'SAN MIGUEL TECOMATLÁN\r'),
(20,1279,'SAN MIGUEL TENANGO\r'),
(20,1280,'SAN MIGUEL TEQUIXTEPEC\r'),
(20,1281,'SAN MIGUEL TILQUIÁPAM\r'),
(20,1282,'SAN MIGUEL TLACAMAMA\r'),
(20,1283,'SAN MIGUEL TLACOTEPEC\r'),
(20,1284,'SAN MIGUEL TULANCINGO\r'),
(20,1285,'SAN MIGUEL YOTAO\r'),
(20,1286,'SAN NICOLÁS\r'),
(20,1287,'SAN NICOLÁS HIDALGO\r'),
(20,1288,'SAN PABLO COATLÁN\r'),
(20,1289,'SAN PABLO CUATRO VENADOS\r'),
(20,1290,'SAN PABLO ETLA\r'),
(20,1291,'SAN PABLO HUITZO\r'),
(20,1292,'SAN PABLO HUIXTEPEC\r'),
(20,1293,'SAN PABLO MACUILTIANGUIS\r'),
(20,1294,'SAN PABLO TIJALTEPEC\r'),
(20,1295,'SAN PABLO VILLA DE MITLA\r'),
(20,1296,'SAN PABLO YAGANIZA\r'),
(20,1297,'SAN PEDRO AMUZGOS\r'),
(20,1298,'SAN PEDRO APÓSTOL\r'),
(20,1299,'SAN PEDRO ATOYAC\r'),
(20,1300,'SAN PEDRO CAJONOS\r'),
(20,1301,'SAN PEDRO COXCALTEPEC CÁN'),
(20,1302,'SAN PEDRO COMITANCILLO\r'),
(20,1303,'SAN PEDRO EL ALTO\r'),
(20,1304,'SAN PEDRO HUAMELULA\r'),
(20,1305,'SAN PEDRO HUILOTEPEC\r'),
(20,1306,'SAN PEDRO IXCATLÁN\r'),
(20,1307,'SAN PEDRO IXTLAHUACA\r'),
(20,1308,'SAN PEDRO JALTEPETONGO\r'),
(20,1309,'SAN PEDRO JICAYÁN\r'),
(20,1310,'SAN PEDRO JOCOTIPAC\r'),
(20,1311,'SAN PEDRO JUCHATENGO\r'),
(20,1312,'SAN PEDRO MÁRTIR\r'),
(20,1313,'SAN PEDRO MÁRTIR QUIECHAP'),
(20,1314,'SAN PEDRO MÁRTIR YUCUXACO'),
(20,1315,'SAN PEDRO MIXTEPEC -DTO. '),
(20,1316,'SAN PEDRO MIXTEPEC -DTO. '),
(20,1317,'SAN PEDRO MOLINOS\r'),
(20,1318,'SAN PEDRO NOPALA\r'),
(20,1319,'SAN PEDRO OCOPETATILLO\r'),
(20,1320,'SAN PEDRO OCOTEPEC\r'),
(20,1321,'SAN PEDRO POCHUTLA\r'),
(20,1322,'SAN PEDRO QUIATONI\r'),
(20,1323,'SAN PEDRO SOCHIÁPAM\r'),
(20,1324,'SAN PEDRO TAPANATEPEC\r'),
(20,1325,'SAN PEDRO TAVICHE\r'),
(20,1326,'SAN PEDRO TEOZACOALCO\r'),
(20,1327,'SAN PEDRO TEUTILA\r'),
(20,1328,'SAN PEDRO TIDAÁ\r'),
(20,1329,'SAN PEDRO TOPILTEPEC\r'),
(20,1330,'SAN PEDRO TOTOLÁPAM\r'),
(20,1331,'VILLA DE TUTUTEPEC DE MEL'),
(20,1332,'SAN PEDRO YANERI\r'),
(20,1333,'SAN PEDRO YÓLOX\r'),
(20,1334,'SAN PEDRO Y SAN PABLO AYU'),
(20,1335,'VILLA DE ETLA\r'),
(20,1336,'SAN PEDRO Y SAN PABLO TEP'),
(20,1337,'SAN PEDRO Y SAN PABLO TEQ'),
(20,1338,'SAN PEDRO YUCUNAMA\r'),
(20,1339,'SAN RAYMUNDO JALPAN\r'),
(20,1340,'SAN SEBASTIÁN ABASOLO\r'),
(20,1341,'SAN SEBASTIÁN COATLÁN\r'),
(20,1342,'SAN SEBASTIÁN IXCAPA\r'),
(20,1343,'SAN SEBASTIÁN NICANANDUTA'),
(20,1344,'SAN SEBASTIÁN RÍO HONDO\r'),
(20,1345,'SAN SEBASTIÁN TECOMAXTLAH'),
(20,1346,'SAN SEBASTIÁN TEITIPAC\r'),
(20,1347,'SAN SEBASTIÁN TUTLA\r'),
(20,1348,'SAN SIMÓN ALMOLONGAS\r'),
(20,1349,'SAN SIMÓN ZAHUATLÁN\r'),
(20,1350,'SANTA ANA\r'),
(20,1351,'SANTA ANA ATEIXTLAHUACA\r'),
(20,1352,'SANTA ANA CUAUHTÉMOC\r'),
(20,1353,'SANTA ANA DEL VALLE\r'),
(20,1354,'SANTA ANA TAVELA\r'),
(20,1355,'SANTA ANA TLAPACOYAN\r'),
(20,1356,'SANTA ANA YARENI\r'),
(20,1357,'SANTA ANA ZEGACHE\r'),
(20,1358,'SANTA CATALINA QUIERÍ\r'),
(20,1359,'SANTA CATARINA CUIXTLA\r'),
(20,1360,'SANTA CATARINA IXTEPEJI\r'),
(20,1361,'SANTA CATARINA JUQUILA\r'),
(20,1362,'SANTA CATARINA LACHATAO\r'),
(20,1363,'SANTA CATARINA LOXICHA\r'),
(20,1364,'SANTA CATARINA MECHOACÁN\r'),
(20,1365,'SANTA CATARINA MINAS\r'),
(20,1366,'SANTA CATARINA QUIANÉ\r'),
(20,1367,'SANTA CATARINA TAYATA\r'),
(20,1368,'SANTA CATARINA TICUÁ\r'),
(20,1369,'SANTA CATARINA YOSONOTÚ\r'),
(20,1370,'SANTA CATARINA ZAPOQUILA\r'),
(20,1371,'SANTA CRUZ ACATEPEC\r'),
(20,1372,'SANTA CRUZ AMILPAS\r'),
(20,1373,'SANTA CRUZ DE BRAVO\r'),
(20,1374,'SANTA CRUZ ITUNDUJIA\r'),
(20,1375,'SANTA CRUZ MIXTEPEC\r'),
(20,1376,'SANTA CRUZ NUNDACO\r'),
(20,1377,'SANTA CRUZ PAPALUTLA\r'),
(20,1378,'SANTA CRUZ TACACHE DE MIN'),
(20,1379,'SANTA CRUZ TACAHUA\r'),
(20,1380,'SANTA CRUZ TAYATA\r'),
(20,1381,'SANTA CRUZ XITLA\r'),
(20,1382,'SANTA CRUZ XOXOCOTLÁN\r'),
(20,1383,'SANTA CRUZ ZENZONTEPEC\r'),
(20,1384,'SANTA GERTRUDIS\r'),
(20,1385,'SANTA INÉS DEL MONTE\r'),
(20,1386,'SANTA INÉS YATZECHE\r'),
(20,1387,'SANTA LUCÍA DEL CAMINO\r'),
(20,1388,'SANTA LUCÍA MIAHUATLÁN\r'),
(20,1389,'SANTA LUCÍA MONTEVERDE\r'),
(20,1390,'SANTA LUCÍA OCOTLÁN\r'),
(20,1391,'SANTA MARÍA ALOTEPEC\r'),
(20,1392,'SANTA MARÍA APAZCO\r'),
(20,1393,'SANTA MARÍA LA ASUNCIÓN\r'),
(20,1394,'HEROICA CIUDAD DE TLAXIAC'),
(20,1395,'AYOQUEZCO DE ALDAMA\r'),
(20,1396,'SANTA MARÍA ATZOMPA\r'),
(20,1397,'SANTA MARÍA CAMOTLÁN\r'),
(20,1398,'SANTA MARÍA COLOTEPEC\r'),
(20,1399,'SANTA MARÍA CORTIJO\r'),
(20,1400,'SANTA MARÍA COYOTEPEC\r'),
(20,1401,'SANTA MARÍA CHACHOÁPAM\r'),
(20,1402,'VILLA DE CHILAPA DE DÍAZ\r'),
(20,1403,'SANTA MARÍA CHILCHOTLA\r'),
(20,1404,'SANTA MARÍA CHIMALAPA\r'),
(20,1405,'SANTA MARÍA DEL ROSARIO\r'),
(20,1406,'SANTA MARÍA DEL TULE\r'),
(20,1407,'SANTA MARÍA ECATEPEC\r'),
(20,1408,'SANTA MARÍA GUELACÉ\r'),
(20,1409,'SANTA MARÍA GUIENAGATI\r'),
(20,1410,'SANTA MARÍA HUATULCO\r'),
(20,1411,'SANTA MARÍA HUAZOLOTITLÁN'),
(20,1412,'SANTA MARÍA IPALAPA\r'),
(20,1413,'SANTA MARÍA IXCATLÁN\r'),
(20,1414,'SANTA MARÍA JACATEPEC\r'),
(20,1415,'SANTA MARÍA JALAPA DEL MA'),
(20,1416,'SANTA MARÍA JALTIANGUIS\r'),
(20,1417,'SANTA MARÍA LACHIXÍO\r'),
(20,1418,'SANTA MARÍA MIXTEQUILLA\r'),
(20,1419,'SANTA MARÍA NATIVITAS\r'),
(20,1420,'SANTA MARÍA NDUAYACO\r'),
(20,1421,'SANTA MARÍA OZOLOTEPEC\r'),
(20,1422,'SANTA MARÍA PÁPALO\r'),
(20,1423,'SANTA MARÍA PEÑOLES\r'),
(20,1424,'SANTA MARÍA PETAPA\r'),
(20,1425,'SANTA MARÍA QUIEGOLANI\r'),
(20,1426,'SANTA MARÍA SOLA\r'),
(20,1427,'SANTA MARÍA TATALTEPEC\r'),
(20,1428,'SANTA MARÍA TECOMAVACA\r'),
(20,1429,'SANTA MARÍA TEMAXCALAPA\r'),
(20,1430,'SANTA MARÍA TEMAXCALTEPEC'),
(20,1431,'SANTA MARÍA TEOPOXCO\r'),
(20,1432,'SANTA MARÍA TEPANTLALI\r'),
(20,1433,'SANTA MARÍA TEXCATITLÁN\r'),
(20,1434,'SANTA MARÍA TLAHUITOLTEPE'),
(20,1435,'SANTA MARÍA TLALIXTAC\r'),
(20,1436,'SANTA MARÍA TONAMECA\r'),
(20,1437,'SANTA MARÍA TOTOLAPILLA\r'),
(20,1438,'SANTA MARÍA XADANI\r'),
(20,1439,'SANTA MARÍA YALINA\r'),
(20,1440,'SANTA MARÍA YAVESÍA\r'),
(20,1441,'SANTA MARÍA YOLOTEPEC\r'),
(20,1442,'SANTA MARÍA YOSOYÚA\r'),
(20,1443,'SANTA MARÍA YUCUHITI\r'),
(20,1444,'SANTA MARÍA ZACATEPEC\r'),
(20,1445,'SANTA MARÍA ZANIZA\r'),
(20,1446,'SANTA MARÍA ZOQUITLÁN\r'),
(20,1447,'SANTIAGO AMOLTEPEC\r'),
(20,1448,'SANTIAGO APOALA\r'),
(20,1449,'SANTIAGO APÓSTOL\r'),
(20,1450,'SANTIAGO ASTATA\r'),
(20,1451,'SANTIAGO ATITLÁN\r'),
(20,1452,'SANTIAGO AYUQUILILLA\r'),
(20,1453,'SANTIAGO CACALOXTEPEC\r'),
(20,1454,'SANTIAGO CAMOTLÁN\r'),
(20,1455,'SANTIAGO COMALTEPEC\r'),
(20,1456,'SANTIAGO CHAZUMBA\r'),
(20,1457,'SANTIAGO CHOÁPAM\r'),
(20,1458,'SANTIAGO DEL RÍO\r'),
(20,1459,'SANTIAGO HUAJOLOTITLÁN\r'),
(20,1460,'SANTIAGO HUAUCLILLA\r'),
(20,1461,'SANTIAGO IHUITLÁN PLUMAS\r'),
(20,1462,'SANTIAGO IXCUINTEPEC\r'),
(20,1463,'SANTIAGO IXTAYUTLA\r'),
(20,1464,'SANTIAGO JAMILTEPEC\r'),
(20,1465,'SANTIAGO JOCOTEPEC\r'),
(20,1466,'SANTIAGO JUXTLAHUACA\r'),
(20,1467,'SANTIAGO LACHIGUIRI\r'),
(20,1468,'SANTIAGO LALOPA\r'),
(20,1469,'SANTIAGO LAOLLAGA\r'),
(20,1470,'SANTIAGO LAXOPA\r'),
(20,1471,'SANTIAGO LLANO GRANDE\r'),
(20,1472,'SANTIAGO MATATLÁN\r'),
(20,1473,'SANTIAGO MILTEPEC\r'),
(20,1474,'SANTIAGO MINAS\r'),
(20,1475,'SANTIAGO NACALTEPEC\r'),
(20,1476,'SANTIAGO NEJAPILLA\r'),
(20,1477,'SANTIAGO NUNDICHE\r'),
(20,1478,'SANTIAGO NUYOÓ\r'),
(20,1479,'SANTIAGO PINOTEPA NACIONA'),
(20,1480,'SANTIAGO SUCHILQUITONGO\r'),
(20,1481,'SANTIAGO TAMAZOLA\r'),
(20,1482,'SANTIAGO TAPEXTLA\r'),
(20,1483,'VILLA TEJÚPAM DE LA UNIÓN'),
(20,1484,'SANTIAGO TENANGO\r'),
(20,1485,'SANTIAGO TEPETLAPA\r'),
(20,1486,'SANTIAGO TETEPEC\r'),
(20,1487,'SANTIAGO TEXCALCINGO\r'),
(20,1488,'SANTIAGO TEXTITLÁN\r'),
(20,1489,'SANTIAGO TILANTONGO\r'),
(20,1490,'SANTIAGO TILLO\r'),
(20,1491,'SANTIAGO TLAZOYALTEPEC\r'),
(20,1492,'SANTIAGO XANICA\r'),
(20,1493,'SANTIAGO XIACUÍ\r'),
(20,1494,'SANTIAGO YAITEPEC\r'),
(20,1495,'SANTIAGO YAVEO\r'),
(20,1496,'SANTIAGO YOLOMÉCATL\r'),
(20,1497,'SANTIAGO YOSONDÚA\r'),
(20,1498,'SANTIAGO YUCUYACHI\r'),
(20,1499,'SANTIAGO ZACATEPEC\r'),
(20,1500,'SANTIAGO ZOOCHILA\r'),
(20,1501,'NUEVO ZOQUIÁPAM\r'),
(20,1502,'SANTO DOMINGO INGENIO\r'),
(20,1503,'SANTO DOMINGO ALBARRADAS\r'),
(20,1504,'SANTO DOMINGO ARMENTA\r'),
(20,1505,'SANTO DOMINGO CHIHUITÁN\r'),
(20,1506,'SANTO DOMINGO DE MORELOS\r'),
(20,1507,'SANTO DOMINGO IXCATLÁN\r'),
(20,1508,'SANTO DOMINGO NUXAÁ\r'),
(20,1509,'SANTO DOMINGO OZOLOTEPEC\r'),
(20,1510,'SANTO DOMINGO PETAPA\r'),
(20,1511,'SANTO DOMINGO ROAYAGA\r'),
(20,1512,'SANTO DOMINGO TEHUANTEPEC'),
(20,1513,'SANTO DOMINGO TEOJOMULCO\r'),
(20,1514,'SANTO DOMINGO TEPUXTEPEC\r'),
(20,1515,'SANTO DOMINGO TLATAYÁPAM\r'),
(20,1516,'SANTO DOMINGO TOMALTEPEC\r'),
(20,1517,'SANTO DOMINGO TONALÁ\r'),
(20,1518,'SANTO DOMINGO TONALTEPEC\r'),
(20,1519,'SANTO DOMINGO XAGACÍA\r'),
(20,1520,'SANTO DOMINGO YANHUITLÁN\r'),
(20,1521,'SANTO DOMINGO YODOHINO\r'),
(20,1522,'SANTO DOMINGO ZANATEPEC\r'),
(20,1523,'SANTOS REYES NOPALA\r'),
(20,1524,'SANTOS REYES PÁPALO\r'),
(20,1525,'SANTOS REYES TEPEJILLO\r'),
(20,1526,'SANTOS REYES YUCUNÁ\r'),
(20,1527,'SANTO TOMÁS JALIEZA\r'),
(20,1528,'SANTO TOMÁS MAZALTEPEC\r'),
(20,1529,'SANTO TOMÁS OCOTEPEC\r'),
(20,1530,'SANTO TOMÁS TAMAZULAPAN\r'),
(20,1531,'SAN VICENTE COATLÁN\r'),
(20,1532,'SAN VICENTE LACHIXÍO\r'),
(20,1533,'SAN VICENTE NUÑÚ\r'),
(20,1534,'SILACAYOÁPAM\r'),
(20,1535,'SITIO DE XITLAPEHUA\r'),
(20,1536,'SOLEDAD ETLA\r'),
(20,1537,'VILLA DE TAMAZULÁPAM DEL '),
(20,1538,'TANETZE DE ZARAGOZA\r'),
(20,1539,'TANICHE\r'),
(20,1540,'TATALTEPEC DE VALDÉS\r'),
(20,1541,'TEOCOCUILCO DE MARCOS PÉR'),
(20,1542,'TEOTITLÁN DE FLORES MAGÓN'),
(20,1543,'TEOTITLÁN DEL VALLE\r'),
(20,1544,'TEOTONGO\r'),
(20,1545,'TEPELMEME VILLA DE MORELO'),
(20,1546,'TEZOATLÁN DE SEGURA Y LUN'),
(20,1547,'SAN JERÓNIMO TLACOCHAHUAY'),
(20,1548,'TLACOLULA DE MATAMOROS\r'),
(20,1549,'TLACOTEPEC PLUMAS\r'),
(20,1550,'TLALIXTAC DE CABRERA\r'),
(20,1551,'TOTONTEPEC VILLA DE MOREL'),
(20,1552,'TRINIDAD ZAACHILA\r'),
(20,1553,'LA TRINIDAD VISTA HERMOSA'),
(20,1554,'UNIÓN HIDALGO\r'),
(20,1555,'VALERIO TRUJANO\r'),
(20,1556,'SAN JUAN BAUTISTA VALLE N'),
(20,1557,'VILLA DÍAZ ORDAZ\r'),
(20,1558,'YAXE\r'),
(20,1559,'MAGDALENA YODOCONO DE\r'),
(20,1561,'YOGANA\r'),
(20,1562,'YUTANDUCHI DE GUERRERO\r'),
(20,1563,'VILLA DE ZAACHILA\r'),
(20,1564,'SAN MATEO YUCUTINDÓ\r'),
(20,1565,'ZAPOTITLÁN LAGUNAS\r'),
(20,1566,'ZAPOTITLÁN PALMAS\r'),
(20,1567,'SANTA INÉS DE ZARAGOZA\r'),
(20,1568,'ZIMATLÁN DE ÁLVAREZ\r'),
(21,1569,'ACAJETE\r'),
(21,1570,'ACATENO\r'),
(21,1571,'ACATLÁN\r'),
(21,1572,'ACATZINGO\r'),
(21,1573,'ACTEOPAN\r'),
(21,1574,'AHUACATLÁN\r'),
(21,1575,'AHUATLÁN\r'),
(21,1576,'AHUAZOTEPEC\r'),
(21,1577,'AHUEHUETITLA\r'),
(21,1578,'AJALPAN\r'),
(21,1579,'ALBINO ZERTUCHE\r'),
(21,1580,'ALJOJUCA\r'),
(21,1581,'ALTEPEXI\r'),
(21,1582,'AMIXTLÁN\r'),
(21,1583,'AMOZOC\r'),
(21,1584,'AQUIXTLA\r'),
(21,1585,'ATEMPAN\r'),
(21,1586,'ATEXCAL\r'),
(21,1587,'ATLIXCO\r'),
(21,1588,'ATOYATEMPAN\r'),
(21,1589,'ATZALA\r'),
(21,1590,'ATZITZIHUACÁN\r'),
(21,1591,'ATZITZINTLA\r'),
(21,1592,'AXUTLA\r'),
(21,1593,'AYOTOXCO DE GUERRERO\r'),
(21,1594,'CALPAN\r'),
(21,1595,'CALTEPEC\r'),
(21,1596,'CAMOCUAUTLA\r'),
(21,1597,'CAXHUACAN\r'),
(21,1598,'COATEPEC\r'),
(21,1599,'COATZINGO\r'),
(21,1600,'COHETZALA\r'),
(21,1601,'COHUECAN\r'),
(21,1602,'CORONANGO\r'),
(21,1603,'COXCATLÁN\r'),
(21,1604,'COYOMEAPAN\r'),
(21,1605,'COYOTEPEC\r'),
(21,1606,'CUAPIAXTLA DE MADERO\r'),
(21,1607,'CUAUTEMPAN\r'),
(21,1608,'CUAUTINCHÁN\r'),
(21,1609,'CUAUTLANCINGO\r'),
(21,1610,'CUAYUCA DE ANDRADE\r'),
(21,1611,'CUETZALAN DEL PROGRESO\r'),
(21,1612,'CUYOACO\r'),
(21,1613,'CHALCHICOMULA DE SESMA\r'),
(21,1614,'CHAPULCO\r'),
(21,1615,'CHIAUTLA\r'),
(21,1616,'CHIAUTZINGO\r'),
(21,1617,'CHICONCUAUTLA\r'),
(21,1618,'CHICHIQUILA\r'),
(21,1619,'CHIETLA\r'),
(21,1620,'CHIGMECATITLÁN\r'),
(21,1621,'CHIGNAHUAPAN\r'),
(21,1622,'CHIGNAUTLA\r'),
(21,1623,'CHILA\r'),
(21,1624,'CHILA DE LA SAL\r'),
(21,1625,'HONEY\r'),
(21,1626,'CHILCHOTLA\r'),
(21,1627,'CHINANTLA\r'),
(21,1628,'DOMINGO ARENAS\r'),
(21,1629,'ELOXOCHITLÁN\r'),
(21,1630,'EPATLÁN\r'),
(21,1631,'ESPERANZA\r'),
(21,1632,'FRANCISCO Z. MENA\r'),
(21,1633,'GENERAL FELIPE ÁNGELES\r'),
(21,1634,'GUADALUPE\r'),
(21,1635,'GUADALUPE VICTORIA\r'),
(21,1636,'HERMENEGILDO GALEANA\r'),
(21,1637,'HUAQUECHULA\r'),
(21,1638,'HUATLATLAUCA\r'),
(21,1639,'HUAUCHINANGO\r'),
(21,1640,'HUEHUETLA\r'),
(21,1641,'HUEHUETLÁN EL CHICO\r'),
(21,1642,'HUEJOTZINGO\r'),
(21,1643,'HUEYAPAN\r'),
(21,1644,'HUEYTAMALCO\r'),
(21,1645,'HUEYTLALPAN\r'),
(21,1646,'HUITZILAN DE SERDÁN\r'),
(21,1647,'HUITZILTEPEC\r'),
(21,1648,'ATLEQUIZAYAN\r'),
(21,1649,'IXCAMILPA DE GUERRERO\r'),
(21,1650,'IXCAQUIXTLA\r'),
(21,1651,'IXTACAMAXTITLÁN\r'),
(21,1652,'IXTEPEC\r'),
(21,1653,'IZÚCAR DE MATAMOROS\r'),
(21,1654,'JALPAN\r'),
(21,1655,'JOLALPAN\r'),
(21,1656,'JONOTLA\r'),
(21,1657,'JOPALA\r'),
(21,1658,'JUAN C. BONILLA\r'),
(21,1659,'JUAN GALINDO\r'),
(21,1660,'JUAN N. MÉNDEZ\r'),
(21,1661,'LAFRAGUA\r'),
(21,1662,'LIBRES\r'),
(21,1663,'LA MAGDALENA TLATLAUQUITE'),
(21,1664,'MAZAPILTEPEC DE JUÁREZ\r'),
(21,1665,'MIXTLA\r'),
(21,1666,'MOLCAXAC\r'),
(21,1667,'CAÑADA MORELOS\r'),
(21,1668,'NAUPAN\r'),
(21,1669,'NAUZONTLA\r'),
(21,1670,'NEALTICAN\r'),
(21,1671,'NICOLÁS BRAVO\r'),
(21,1672,'NOPALUCAN\r'),
(21,1673,'OCOTEPEC\r'),
(21,1674,'OCOYUCAN\r'),
(21,1675,'OLINTLA\r'),
(21,1676,'ORIENTAL\r'),
(21,1677,'PAHUATLÁN\r'),
(21,1678,'PALMAR DE BRAVO\r'),
(21,1679,'PANTEPEC\r'),
(21,1680,'PETLALCINGO\r'),
(21,1681,'PIAXTLA\r'),
(21,1682,'PUEBLA\r'),
(21,1683,'QUECHOLAC\r'),
(21,1684,'QUIMIXTLÁN\r'),
(21,1685,'RAFAEL LARA GRAJALES\r'),
(21,1686,'LOS REYES DE JUÁREZ\r'),
(21,1687,'SAN ANDRÉS CHOLULA\r'),
(21,1688,'SAN ANTONIO CAÑADA\r'),
(21,1689,'SAN DIEGO LA MESA TOCHIMI'),
(21,1690,'SAN FELIPE TEOTLALCINGO\r'),
(21,1691,'SAN FELIPE TEPATLÁN\r'),
(21,1692,'SAN GABRIEL CHILAC\r'),
(21,1693,'SAN GREGORIO ATZOMPA\r'),
(21,1694,'SAN JERÓNIMO TECUANIPAN\r'),
(21,1695,'SAN JERÓNIMO XAYACATLÁN\r'),
(21,1696,'SAN JOSÉ CHIAPA\r'),
(21,1697,'SAN JOSÉ MIAHUATLÁN\r'),
(21,1698,'SAN JUAN ATENCO\r'),
(21,1699,'SAN JUAN ATZOMPA\r'),
(21,1700,'SAN MARTÍN TEXMELUCAN\r'),
(21,1701,'SAN MARTÍN TOTOLTEPEC\r'),
(21,1702,'SAN MATÍAS TLALANCALECA\r'),
(21,1703,'SAN MIGUEL IXITLÁN\r'),
(21,1704,'SAN MIGUEL XOXTLA\r'),
(21,1705,'SAN NICOLÁS BUENOS AIRES\r'),
(21,1706,'SAN NICOLÁS DE LOS RANCHO'),
(21,1707,'SAN PABLO ANICANO\r'),
(21,1708,'SAN PEDRO CHOLULA\r'),
(21,1709,'SAN PEDRO YELOIXTLAHUACA\r'),
(21,1710,'SAN SALVADOR EL SECO\r'),
(21,1711,'SAN SALVADOR EL VERDE\r'),
(21,1712,'SAN SALVADOR HUIXCOLOTLA\r'),
(21,1713,'SAN SEBASTIÁN TLACOTEPEC\r'),
(21,1714,'SANTA CATARINA TLALTEMPAN'),
(21,1715,'SANTA INÉS AHUATEMPAN\r'),
(21,1716,'SANTA ISABEL CHOLULA\r'),
(21,1717,'SANTIAGO MIAHUATLÁN\r'),
(21,1718,'HUEHUETLÁN EL GRANDE\r'),
(21,1719,'SANTO TOMÁS HUEYOTLIPAN\r'),
(21,1720,'SOLTEPEC\r'),
(21,1721,'TECALI DE HERRERA\r'),
(21,1722,'TECAMACHALCO\r'),
(21,1723,'TECOMATLÁN\r'),
(21,1724,'TEHUACÁN\r'),
(21,1725,'TEHUITZINGO\r'),
(21,1726,'TENAMPULCO\r'),
(21,1727,'TEOPANTLÁN\r'),
(21,1728,'TEOTLALCO\r'),
(21,1729,'TEPANCO DE LÓPEZ\r'),
(21,1730,'TEPANGO DE RODRÍGUEZ\r'),
(21,1731,'TEPATLAXCO DE HIDALGO\r'),
(21,1732,'TEPEACA\r'),
(21,1733,'TEPEMAXALCO\r'),
(21,1734,'TEPEOJUMA\r'),
(21,1735,'TEPETZINTLA\r'),
(21,1736,'TEPEXCO\r'),
(21,1737,'TEPEXI DE RODRÍGUEZ\r'),
(21,1738,'TEPEYAHUALCO\r'),
(21,1739,'TEPEYAHUALCO DE CUAUHTÉMO'),
(21,1740,'TETELA DE OCAMPO\r'),
(21,1741,'TETELES DE AVILA CASTILLO'),
(21,1742,'TEZIUTLÁN\r'),
(21,1743,'TIANGUISMANALCO\r'),
(21,1744,'TILAPA\r'),
(21,1745,'TLACOTEPEC DE BENITO JUÁR'),
(21,1746,'TLACUILOTEPEC\r'),
(21,1747,'TLACHICHUCA\r'),
(21,1748,'TLAHUAPAN\r'),
(21,1749,'TLALTENANGO\r'),
(21,1750,'TLANEPANTLA\r'),
(21,1751,'TLAOLA\r'),
(21,1752,'TLAPACOYA\r'),
(21,1753,'TLAPANALÁ\r'),
(21,1754,'TLATLAUQUITEPEC\r'),
(21,1755,'TLAXCO\r'),
(21,1756,'TOCHIMILCO\r'),
(21,1757,'TOCHTEPEC\r'),
(21,1758,'TOTOLTEPEC DE GUERRERO\r'),
(21,1759,'TULCINGO\r'),
(21,1760,'TUZAMAPAN DE GALEANA\r'),
(21,1761,'TZICATLACOYAN\r'),
(21,1762,'VENUSTIANO CARRANZA\r'),
(21,1763,'VICENTE GUERRERO\r'),
(21,1764,'XAYACATLÁN DE BRAVO\r'),
(21,1765,'XICOTEPEC\r'),
(21,1766,'XICOTLÁN\r'),
(21,1767,'XIUTETELCO\r'),
(21,1768,'XOCHIAPULCO\r'),
(21,1769,'XOCHILTEPEC\r'),
(21,1770,'XOCHITLÁN DE VICENTE SUÁR'),
(21,1771,'XOCHITLÁN TODOS SANTOS\r'),
(21,1772,'YAONÁHUAC\r'),
(21,1773,'YEHUALTEPEC\r'),
(21,1774,'ZACAPALA\r'),
(21,1775,'ZACAPOAXTLA\r'),
(21,1776,'ZACATLÁN\r'),
(21,1777,'ZAPOTITLÁN\r'),
(21,1778,'ZAPOTITLÁN DE MÉNDEZ\r'),
(21,1779,'ZARAGOZA\r'),
(21,1780,'ZAUTLA\r'),
(21,1781,'ZIHUATEUTLA\r'),
(21,1782,'ZINACATEPEC\r'),
(21,1783,'ZONGOZOTLA\r'),
(21,1784,'ZOQUIAPAN\r'),
(21,1785,'ZOQUITLÁN\r'),
(22,1786,'AMEALCO DE BONFIL\r'),
(22,1787,'PINAL DE AMOLES\r'),
(22,1788,'ARROYO SECO\r'),
(22,1789,'CADEREYTA DE MONTES\r'),
(22,1790,'COLÓN\r'),
(22,1791,'CORREGIDORA\r'),
(22,1792,'EZEQUIEL MONTES\r'),
(22,1793,'HUIMILPAN\r'),
(22,1794,'JALPAN DE SERRA\r'),
(22,1795,'LANDA DE MATAMOROS\r'),
(22,1796,'EL MARQUÉS\r'),
(22,1797,'PEDRO ESCOBEDO\r'),
(22,1798,'PEÑAMILLER\r'),
(22,1799,'QUERÉTARO\r'),
(22,1800,'SAN JOAQUÍN\r'),
(22,1801,'SAN JUAN DEL RÍO\r'),
(22,1802,'TEQUISQUIAPAN\r'),
(22,1803,'TOLIMÁN\r'),
(23,1804,'COZUMEL\r'),
(23,1805,'FELIPE CARRILLO PUERTO\r'),
(23,1806,'ISLA MUJERES\r'),
(23,1807,'OTHÓN P. BLANCO\r'),
(23,1808,'BENITO JUÁREZ\r'),
(23,1809,'JOSÉ MARÍA MORELOS\r'),
(23,1810,'LÁZARO CÁRDENAS\r'),
(23,1811,'SOLIDARIDAD\r'),
(23,1812,'TULUM\r'),
(23,1813,'BACALAR\r'),
(24,1814,'AHUALULCO\r'),
(24,1815,'ALAQUINES\r'),
(24,1816,'AQUISMÓN\r'),
(24,1817,'ARMADILLO DE LOS INFANTE\r'),
(24,1818,'CÁRDENAS\r'),
(24,1819,'CATORCE\r'),
(24,1820,'CEDRAL\r'),
(24,1821,'CERRITOS\r'),
(24,1822,'CERRO DE SAN PEDRO\r'),
(24,1823,'CIUDAD DEL MAÍZ\r'),
(24,1824,'CIUDAD FERNÁNDEZ\r'),
(24,1825,'TANCANHUITZ\r'),
(24,1826,'CIUDAD VALLES\r'),
(24,1827,'COXCATLÁN\r'),
(24,1828,'CHARCAS\r'),
(24,1829,'EBANO\r'),
(24,1830,'GUADALCÁZAR\r'),
(24,1831,'HUEHUETLÁN\r'),
(24,1832,'LAGUNILLAS\r'),
(24,1833,'MATEHUALA\r'),
(24,1834,'MEXQUITIC DE CARMONA\r'),
(24,1835,'MOCTEZUMA\r'),
(24,1836,'RAYÓN\r'),
(24,1837,'RIOVERDE\r'),
(24,1838,'SALINAS\r'),
(24,1839,'SAN ANTONIO\r'),
(24,1840,'SAN CIRO DE ACOSTA\r'),
(24,1841,'SAN LUIS POTOSÍ\r'),
(24,1842,'SAN MARTÍN CHALCHICUAUTLA'),
(24,1843,'SAN NICOLÁS TOLENTINO\r'),
(24,1844,'SANTA CATARINA\r'),
(24,1845,'SANTA MARÍA DEL RÍO\r'),
(24,1846,'SANTO DOMINGO\r'),
(24,1847,'SAN VICENTE TANCUAYALAB\r'),
(24,1848,'SOLEDAD DE GRACIANO SÁNCH'),
(24,1849,'TAMASOPO\r'),
(24,1850,'TAMAZUNCHALE\r'),
(24,1851,'TAMPACÁN\r'),
(24,1852,'TAMPAMOLÓN CORONA\r'),
(24,1853,'TAMUÍN\r'),
(24,1854,'TANLAJÁS\r'),
(24,1855,'TANQUIÁN DE ESCOBEDO\r'),
(24,1856,'TIERRA NUEVA\r'),
(24,1857,'VANEGAS\r'),
(24,1858,'VENADO\r'),
(24,1859,'VILLA DE ARRIAGA\r'),
(24,1860,'VILLA DE GUADALUPE\r'),
(24,1861,'VILLA DE LA PAZ\r'),
(24,1862,'VILLA DE RAMOS\r'),
(24,1863,'VILLA DE REYES\r'),
(24,1864,'VILLA HIDALGO\r'),
(24,1865,'VILLA JUÁREZ\r'),
(24,1866,'AXTLA DE TERRAZAS\r'),
(24,1867,'XILITLA\r'),
(24,1868,'ZARAGOZA\r'),
(24,1869,'VILLA DE ARISTA\r'),
(24,1870,'MATLAPA\r'),
(24,1871,'EL NARANJO\r'),
(25,1872,'AHOME\r'),
(25,1873,'ANGOSTURA\r'),
(25,1874,'BADIRAGUATO\r'),
(25,1875,'CONCORDIA\r'),
(25,1876,'COSALÁ\r'),
(25,1877,'CULIACÁN\r'),
(25,1878,'CHOIX\r'),
(25,1879,'ELOTA\r'),
(25,1880,'ESCUINAPA\r'),
(25,1881,'EL FUERTE\r'),
(25,1882,'GUASAVE\r'),
(25,1883,'MAZATLÁN\r'),
(25,1884,'MOCORITO\r'),
(25,1885,'ROSARIO\r'),
(25,1886,'SALVADOR ALVARADO\r'),
(25,1887,'SAN IGNACIO\r'),
(25,1888,'SINALOA\r'),
(25,1889,'NAVOLATO\r'),
(26,1890,'ACONCHI\r'),
(26,1891,'AGUA PRIETA\r'),
(26,1892,'ALAMOS\r'),
(26,1893,'ALTAR\r'),
(26,1894,'ARIVECHI\r'),
(26,1895,'ARIZPE\r'),
(26,1896,'ATIL\r'),
(26,1897,'BACADÉHUACHI\r'),
(26,1898,'BACANORA\r'),
(26,1899,'BACERAC\r'),
(26,1900,'BACOACHI\r'),
(26,1901,'BÁCUM\r'),
(26,1902,'BANÁMICHI\r'),
(26,1903,'BAVIÁCORA\r'),
(26,1904,'BAVISPE\r'),
(26,1905,'BENJAMÍN HILL\r'),
(26,1906,'CABORCA\r'),
(26,1907,'CAJEME\r'),
(26,1908,'CANANEA\r'),
(26,1909,'CARBÓ\r'),
(26,1910,'LA COLORADA\r'),
(26,1911,'CUCURPE\r'),
(26,1912,'CUMPAS\r'),
(26,1913,'DIVISADEROS\r'),
(26,1914,'EMPALME\r'),
(26,1915,'ETCHOJOA\r'),
(26,1916,'FRONTERAS\r'),
(26,1917,'GRANADOS\r'),
(26,1918,'GUAYMAS\r'),
(26,1919,'HERMOSILLO\r'),
(26,1920,'HUACHINERA\r'),
(26,1921,'HUÁSABAS\r'),
(26,1922,'HUATABAMPO\r'),
(26,1923,'HUÉPAC\r'),
(26,1924,'IMURIS\r'),
(26,1925,'MAGDALENA\r'),
(26,1926,'MAZATÁN\r'),
(26,1927,'MOCTEZUMA\r'),
(26,1928,'NACO\r'),
(26,1929,'NÁCORI CHICO\r'),
(26,1930,'NACOZARI DE GARCÍA\r'),
(26,1931,'NAVOJOA\r'),
(26,1932,'NOGALES\r'),
(26,1933,'ONAVAS\r'),
(26,1934,'OPODEPE\r'),
(26,1935,'OQUITOA\r'),
(26,1936,'PITIQUITO\r'),
(26,1937,'PUERTO PEÑASCO\r'),
(26,1938,'QUIRIEGO\r'),
(26,1939,'RAYÓN\r'),
(26,1940,'ROSARIO\r'),
(26,1941,'SAHUARIPA\r'),
(26,1942,'SAN FELIPE DE JESÚS\r'),
(26,1943,'SAN JAVIER\r'),
(26,1944,'SAN LUIS RÍO COLORADO\r'),
(26,1945,'SAN MIGUEL DE HORCASITAS\r'),
(26,1946,'SAN PEDRO DE LA CUEVA\r'),
(26,1947,'SANTA ANA\r'),
(26,1948,'SANTA CRUZ\r'),
(26,1949,'SÁRIC\r'),
(26,1950,'SOYOPA\r'),
(26,1951,'SUAQUI GRANDE\r'),
(26,1952,'TEPACHE\r'),
(26,1953,'TRINCHERAS\r'),
(26,1954,'TUBUTAMA\r'),
(26,1955,'URES\r'),
(26,1956,'VILLA HIDALGO\r'),
(26,1957,'VILLA PESQUEIRA\r'),
(26,1958,'YÉCORA\r'),
(26,1959,'GENERAL PLUTARCO ELÍAS CA'),
(26,1960,'BENITO JUÁREZ\r'),
(26,1961,'SAN IGNACIO RÍO MUERTO\r'),
(27,1962,'BALANCÁN\r'),
(27,1963,'CÁRDENAS\r'),
(27,1964,'CENTLA\r'),
(27,1965,'CENTRO\r'),
(27,1966,'COMALCALCO\r'),
(27,1967,'CUNDUACÁN\r'),
(27,1968,'EMILIANO ZAPATA\r'),
(27,1969,'HUIMANGUILLO\r'),
(27,1970,'JALAPA\r'),
(27,1971,'JALPA DE MÉNDEZ\r'),
(27,1972,'JONUTA\r'),
(27,1973,'MACUSPANA\r'),
(27,1974,'NACAJUCA\r'),
(27,1975,'PARAÍSO\r'),
(27,1976,'TACOTALPA\r'),
(27,1977,'TEAPA\r'),
(27,1978,'TENOSIQUE\r'),
(28,1979,'ABASOLO\r'),
(28,1980,'ALDAMA\r'),
(28,1981,'ALTAMIRA\r'),
(28,1982,'ANTIGUO MORELOS\r'),
(28,1983,'BURGOS\r'),
(28,1984,'BUSTAMANTE\r'),
(28,1985,'CAMARGO\r'),
(28,1986,'CASAS\r'),
(28,1987,'CIUDAD MADERO\r'),
(28,1988,'CRUILLAS\r'),
(28,1989,'GÓMEZ FARÍAS\r'),
(28,1990,'GONZÁLEZ\r'),
(28,1991,'GÜÉMEZ\r'),
(28,1992,'GUERRERO\r'),
(28,1993,'GUSTAVO DÍAZ ORDAZ\r'),
(28,1994,'HIDALGO\r'),
(28,1995,'JAUMAVE\r'),
(28,1996,'JIMÉNEZ\r'),
(28,1997,'LLERA\r'),
(28,1998,'MAINERO\r'),
(28,1999,'EL MANTE\r'),
(28,2000,'MATAMOROS\r'),
(28,2001,'MÉNDEZ\r'),
(28,2002,'MIER\r'),
(28,2003,'MIGUEL ALEMÁN\r'),
(28,2004,'MIQUIHUANA\r'),
(28,2005,'NUEVO LAREDO\r'),
(28,2006,'NUEVO MORELOS\r'),
(28,2007,'OCAMPO\r'),
(28,2008,'PADILLA\r'),
(28,2009,'PALMILLAS\r'),
(28,2010,'REYNOSA\r'),
(28,2011,'RÍO BRAVO\r'),
(28,2012,'SAN CARLOS\r'),
(28,2013,'SAN FERNANDO\r'),
(28,2014,'SAN NICOLÁS\r'),
(28,2015,'SOTO LA MARINA\r'),
(28,2016,'TAMPICO\r'),
(28,2017,'TULA\r'),
(28,2018,'VALLE HERMOSO\r'),
(28,2019,'VICTORIA\r'),
(28,2020,'VILLAGRÁN\r'),
(28,2021,'XICOTÉNCATL\r'),
(29,2022,'AMAXAC DE GUERRERO\r'),
(29,2023,'APETATITLÁN DE ANTONIO CA'),
(29,2024,'ATLANGATEPEC\r'),
(29,2025,'ATLTZAYANCA\r'),
(29,2026,'APIZACO\r'),
(29,2027,'CALPULALPAN\r'),
(29,2028,'EL CARMEN TEQUEXQUITLA\r'),
(29,2029,'CUAPIAXTLA\r'),
(29,2030,'CUAXOMULCO\r'),
(29,2031,'CHIAUTEMPAN\r'),
(29,2032,'MUÑOZ DE DOMINGO ARENAS\r'),
(29,2033,'ESPAÑITA\r'),
(29,2034,'HUAMANTLA\r'),
(29,2035,'HUEYOTLIPAN\r'),
(29,2036,'IXTACUIXTLA DE MARIANO MA'),
(29,2037,'IXTENCO\r'),
(29,2038,'MAZATECOCHCO DE JOSÉ MARÍ'),
(29,2039,'CONTLA DE JUAN CUAMATZI\r'),
(29,2040,'TEPETITLA DE LARDIZÁBAL\r'),
(29,2041,'SANCTÓRUM DE LÁZARO CARDE'),
(29,2042,'NANACAMILPA DE MARIANO AR'),
(29,2043,'ACUAMANALA DE MIGUEL HIDA'),
(29,2044,'NATÍVITAS\r'),
(29,2045,'PANOTLA\r'),
(29,2046,'SAN PABLO DEL MONTE\r'),
(29,2047,'SANTA CRUZ TLAXCALA\r'),
(29,2048,'TENANCINGO\r'),
(29,2049,'TEOLOCHOLCO\r'),
(29,2050,'TEPEYANCO\r'),
(29,2051,'TERRENATE\r'),
(29,2052,'TETLA DE LA SOLIDARIDAD\r'),
(29,2053,'TETLATLAHUCA\r'),
(29,2054,'TLAXCALA\r'),
(29,2055,'TLAXCO\r'),
(29,2056,'TOCATLÁN\r'),
(29,2057,'TOTOLAC\r'),
(29,2058,'ZILTLALTÉPEC DE TRINIDAD '),
(29,2059,'TZOMPANTEPEC\r'),
(29,2060,'XALOZTOC\r'),
(29,2061,'XALTOCAN\r'),
(29,2062,'PAPALOTLA DE XICOHTÉNCATL'),
(29,2063,'XICOHTZINCO\r'),
(29,2064,'YAUHQUEMEHCAN\r'),
(29,2065,'ZACATELCO\r'),
(29,2066,'BENITO JUÁREZ\r'),
(29,2067,'EMILIANO ZAPATA\r'),
(29,2068,'LÁZARO CÁRDENAS\r'),
(29,2069,'LA MAGDALENA TLALTELULCO\r'),
(29,2070,'SAN DAMIÁN TEXÓLOC\r'),
(29,2071,'SAN FRANCISCO TETLANOHCAN'),
(29,2072,'SAN JERÓNIMO ZACUALPAN\r'),
(29,2073,'SAN JOSÉ TEACALCO\r'),
(29,2074,'SAN JUAN HUACTZINCO\r'),
(29,2075,'SAN LORENZO AXOCOMANITLA\r'),
(29,2076,'SAN LUCAS TECOPILCO\r'),
(29,2077,'SANTA ANA NOPALUCAN\r'),
(29,2078,'SANTA APOLONIA TEACALCO\r'),
(29,2079,'SANTA CATARINA AYOMETLA\r'),
(29,2080,'SANTA CRUZ QUILEHTLA\r'),
(29,2081,'SANTA ISABEL XILOXOXTLA\r'),
(30,2082,'ACAJETE\r'),
(30,2083,'ACATLÁN\r'),
(30,2084,'ACAYUCAN\r'),
(30,2085,'ACTOPAN\r'),
(30,2086,'ACULA\r'),
(30,2087,'ACULTZINGO\r'),
(30,2088,'CAMARÓN DE TEJEDA\r'),
(30,2089,'ALPATLÁHUAC\r'),
(30,2090,'ALTO LUCERO DE GUTIÉRREZ '),
(30,2091,'ALTOTONGA\r'),
(30,2092,'ALVARADO\r'),
(30,2093,'AMATITLÁN\r'),
(30,2094,'NARANJOS AMATLÁN\r'),
(30,2095,'AMATLÁN DE LOS REYES\r'),
(30,2096,'ANGEL R. CABADA\r'),
(30,2097,'LA ANTIGUA\r'),
(30,2098,'APAZAPAN\r'),
(30,2099,'AQUILA\r'),
(30,2100,'ASTACINGA\r'),
(30,2101,'ATLAHUILCO\r'),
(30,2102,'ATOYAC\r'),
(30,2103,'ATZACAN\r'),
(30,2104,'ATZALAN\r'),
(30,2105,'TLALTETELA\r'),
(30,2106,'AYAHUALULCO\r'),
(30,2107,'BANDERILLA\r'),
(30,2108,'BENITO JUÁREZ\r'),
(30,2109,'BOCA DEL RÍO\r'),
(30,2110,'CALCAHUALCO\r'),
(30,2111,'CAMERINO Z. MENDOZA\r'),
(30,2112,'CARRILLO PUERTO\r'),
(30,2113,'CATEMACO\r'),
(30,2114,'CAZONES DE HERRERA\r'),
(30,2115,'CERRO AZUL\r'),
(30,2116,'CITLALTÉPETL\r'),
(30,2117,'COACOATZINTLA\r'),
(30,2118,'COAHUITLÁN\r'),
(30,2119,'COATEPEC\r'),
(30,2120,'COATZACOALCOS\r'),
(30,2121,'COATZINTLA\r'),
(30,2122,'COETZALA\r'),
(30,2123,'COLIPA\r'),
(30,2124,'COMAPA\r'),
(30,2125,'CÓRDOBA\r'),
(30,2126,'COSAMALOAPAN DE CARPIO\r'),
(30,2127,'COSAUTLÁN DE CARVAJAL\r'),
(30,2128,'COSCOMATEPEC\r'),
(30,2129,'COSOLEACAQUE\r'),
(30,2130,'COTAXTLA\r'),
(30,2131,'COXQUIHUI\r'),
(30,2132,'COYUTLA\r'),
(30,2133,'CUICHAPA\r'),
(30,2134,'CUITLÁHUAC\r'),
(30,2135,'CHACALTIANGUIS\r'),
(30,2136,'CHALMA\r'),
(30,2137,'CHICONAMEL\r'),
(30,2138,'CHICONQUIACO\r'),
(30,2139,'CHICONTEPEC\r'),
(30,2140,'CHINAMECA\r'),
(30,2141,'CHINAMPA DE GOROSTIZA\r'),
(30,2142,'LAS CHOAPAS\r'),
(30,2143,'CHOCAMÁN\r'),
(30,2144,'CHONTLA\r'),
(30,2145,'CHUMATLÁN\r'),
(30,2146,'EMILIANO ZAPATA\r'),
(30,2147,'ESPINAL\r'),
(30,2148,'FILOMENO MATA\r'),
(30,2149,'FORTÍN\r'),
(30,2150,'GUTIÉRREZ ZAMORA\r'),
(30,2151,'HIDALGOTITLÁN\r'),
(30,2152,'HUATUSCO\r'),
(30,2153,'HUAYACOCOTLA\r'),
(30,2154,'HUEYAPAN DE OCAMPO\r'),
(30,2155,'HUILOAPAN DE CUAUHTÉMOC\r'),
(30,2156,'IGNACIO DE LA LLAVE\r'),
(30,2157,'ILAMATLÁN\r'),
(30,2158,'ISLA\r'),
(30,2159,'IXCATEPEC\r'),
(30,2160,'IXHUACÁN DE LOS REYES\r'),
(30,2161,'IXHUATLÁN DEL CAFÉ\r'),
(30,2162,'IXHUATLANCILLO\r'),
(30,2163,'IXHUATLÁN DEL SURESTE\r'),
(30,2164,'IXHUATLÁN DE MADERO\r'),
(30,2165,'IXMATLAHUACAN\r'),
(30,2166,'IXTACZOQUITLÁN\r'),
(30,2167,'JALACINGO\r'),
(30,2168,'XALAPA\r'),
(30,2169,'JALCOMULCO\r'),
(30,2170,'JÁLTIPAN\r'),
(30,2171,'JAMAPA\r'),
(30,2172,'JESÚS CARRANZA\r'),
(30,2173,'XICO\r'),
(30,2174,'JILOTEPEC\r'),
(30,2175,'JUAN RODRÍGUEZ CLARA\r'),
(30,2176,'JUCHIQUE DE FERRER\r'),
(30,2177,'LANDERO Y COSS\r'),
(30,2178,'LERDO DE TEJADA\r'),
(30,2179,'MAGDALENA\r'),
(30,2180,'MALTRATA\r'),
(30,2181,'MANLIO FABIO ALTAMIRANO\r'),
(30,2182,'MARIANO ESCOBEDO\r'),
(30,2183,'MARTÍNEZ DE LA TORRE\r'),
(30,2184,'MECATLÁN\r'),
(30,2185,'MECAYAPAN\r'),
(30,2186,'MEDELLÍN\r'),
(30,2187,'MIAHUATLÁN\r'),
(30,2188,'LAS MINAS\r'),
(30,2189,'MINATITLÁN\r'),
(30,2190,'MISANTLA\r'),
(30,2191,'MIXTLA DE ALTAMIRANO\r'),
(30,2192,'MOLOACÁN\r'),
(30,2193,'NAOLINCO\r'),
(30,2194,'NARANJAL\r'),
(30,2195,'NAUTLA\r'),
(30,2196,'NOGALES\r'),
(30,2197,'OLUTA\r'),
(30,2198,'OMEALCA\r'),
(30,2199,'ORIZABA\r'),
(30,2200,'OTATITLÁN\r'),
(30,2201,'OTEAPAN\r'),
(30,2202,'OZULUAMA DE MASCAREÑAS\r'),
(30,2203,'PAJAPAN\r'),
(30,2204,'PÁNUCO\r'),
(30,2205,'PAPANTLA\r'),
(30,2206,'PASO DEL MACHO\r'),
(30,2207,'PASO DE OVEJAS\r'),
(30,2208,'LA PERLA\r'),
(30,2209,'PEROTE\r'),
(30,2210,'PLATÓN SÁNCHEZ\r'),
(30,2211,'PLAYA VICENTE\r'),
(30,2212,'POZA RICA DE HIDALGO\r'),
(30,2213,'LAS VIGAS DE RAMÍREZ\r'),
(30,2214,'PUEBLO VIEJO\r'),
(30,2215,'PUENTE NACIONAL\r'),
(30,2216,'RAFAEL DELGADO\r'),
(30,2217,'RAFAEL LUCIO\r'),
(30,2218,'LOS REYES\r'),
(30,2219,'RÍO BLANCO\r'),
(30,2220,'SALTABARRANCA\r'),
(30,2221,'SAN ANDRÉS TENEJAPAN\r'),
(30,2222,'SAN ANDRÉS TUXTLA\r'),
(30,2223,'SAN JUAN EVANGELISTA\r'),
(30,2224,'SANTIAGO TUXTLA\r'),
(30,2225,'SAYULA DE ALEMÁN\r'),
(30,2226,'SOCONUSCO\r'),
(30,2227,'SOCHIAPA\r'),
(30,2228,'SOLEDAD ATZOMPA\r'),
(30,2229,'SOLEDAD DE DOBLADO\r'),
(30,2230,'SOTEAPAN\r'),
(30,2231,'TAMALIN\r'),
(30,2232,'TAMIAHUA\r'),
(30,2233,'TAMPICO ALTO\r'),
(30,2234,'TANCOCO\r'),
(30,2235,'TANTIMA\r'),
(30,2236,'TANTOYUCA\r'),
(30,2237,'TATATILA\r'),
(30,2238,'CASTILLO DE TEAYO\r'),
(30,2239,'TECOLUTLA\r'),
(30,2240,'TEHUIPANGO\r'),
(30,2241,'ÁLAMO TEMAPACHE\r'),
(30,2242,'TEMPOAL\r'),
(30,2243,'TENAMPA\r'),
(30,2244,'TENOCHTITLÁN\r'),
(30,2245,'TEOCELO\r'),
(30,2246,'TEPATLAXCO\r'),
(30,2247,'TEPETLÁN\r'),
(30,2248,'TEPETZINTLA\r'),
(30,2249,'TEQUILA\r'),
(30,2250,'JOSÉ AZUETA\r'),
(30,2251,'TEXCATEPEC\r'),
(30,2252,'TEXHUACÁN\r'),
(30,2253,'TEXISTEPEC\r'),
(30,2254,'TEZONAPA\r'),
(30,2255,'TIERRA BLANCA\r'),
(30,2256,'TIHUATLÁN\r'),
(30,2257,'TLACOJALPAN\r'),
(30,2258,'TLACOLULAN\r'),
(30,2259,'TLACOTALPAN\r'),
(30,2260,'TLACOTEPEC DE MEJÍA\r'),
(30,2261,'TLACHICHILCO\r'),
(30,2262,'TLALIXCOYAN\r'),
(30,2263,'TLALNELHUAYOCAN\r'),
(30,2264,'TLAPACOYAN\r'),
(30,2265,'TLAQUILPA\r'),
(30,2266,'TLILAPAN\r'),
(30,2267,'TOMATLÁN\r'),
(30,2268,'TONAYÁN\r'),
(30,2269,'TOTUTLA\r'),
(30,2270,'TUXPAN\r'),
(30,2271,'TUXTILLA\r'),
(30,2272,'URSULO GALVÁN\r'),
(30,2273,'VEGA DE ALATORRE\r'),
(30,2274,'VERACRUZ\r'),
(30,2275,'VILLA ALDAMA\r'),
(30,2276,'XOXOCOTLA\r'),
(30,2277,'YANGA\r'),
(30,2278,'YECUATLA\r'),
(30,2279,'ZACUALPAN\r'),
(30,2280,'ZARAGOZA\r'),
(30,2281,'ZENTLA\r'),
(30,2282,'ZONGOLICA\r'),
(30,2283,'ZONTECOMATLÁN DE LÓPEZ Y '),
(30,2284,'ZOZOCOLCO DE HIDALGO\r'),
(30,2285,'AGUA DULCE\r'),
(30,2286,'EL HIGO\r'),
(30,2287,'NANCHITAL DE LÁZARO CÁRDE'),
(30,2288,'TRES VALLES\r'),
(30,2289,'CARLOS A. CARRILLO\r'),
(30,2290,'TATAHUICAPAN DE JUÁREZ\r'),
(30,2291,'UXPANAPA\r'),
(30,2292,'SAN RAFAEL\r'),
(30,2293,'SANTIAGO SOCHIAPAN\r'),
(31,2294,'ABALÁ\r'),
(31,2295,'ACANCEH\r'),
(31,2296,'AKIL\r'),
(31,2297,'BACA\r'),
(31,2298,'BOKOBÁ\r'),
(31,2299,'BUCTZOTZ\r'),
(31,2300,'CACALCHÉN\r'),
(31,2301,'CALOTMUL\r'),
(31,2302,'CANSAHCAB\r'),
(31,2303,'CANTAMAYEC\r'),
(31,2304,'CELESTÚN\r'),
(31,2305,'CENOTILLO\r'),
(31,2306,'CONKAL\r'),
(31,2307,'CUNCUNUL\r'),
(31,2308,'CUZAMÁ\r'),
(31,2309,'CHACSINKÍN\r'),
(31,2310,'CHANKOM\r'),
(31,2311,'CHAPAB\r'),
(31,2312,'CHEMAX\r'),
(31,2313,'CHICXULUB PUEBLO\r'),
(31,2314,'CHICHIMILÁ\r'),
(31,2315,'CHIKINDZONOT\r'),
(31,2316,'CHOCHOLÁ\r'),
(31,2317,'CHUMAYEL\r'),
(31,2318,'DZÁN\r'),
(31,2319,'DZEMUL\r'),
(31,2320,'DZIDZANTÚN\r'),
(31,2321,'DZILAM DE BRAVO\r'),
(31,2322,'DZILAM GONZÁLEZ\r'),
(31,2323,'DZITÁS\r'),
(31,2324,'DZONCAUICH\r'),
(31,2325,'ESPITA\r'),
(31,2326,'HALACHÓ\r'),
(31,2327,'HOCABÁ\r'),
(31,2328,'HOCTÚN\r'),
(31,2329,'HOMÚN\r'),
(31,2330,'HUHÍ\r'),
(31,2331,'HUNUCMÁ\r'),
(31,2332,'IXIL\r'),
(31,2333,'IZAMAL\r'),
(31,2334,'KANASÍN\r'),
(31,2335,'KANTUNIL\r'),
(31,2336,'KAUA\r'),
(31,2337,'KINCHIL\r'),
(31,2338,'KOPOMÁ\r'),
(31,2339,'MAMA\r'),
(31,2340,'MANÍ\r'),
(31,2341,'MAXCANÚ\r'),
(31,2342,'MAYAPÁN\r'),
(31,2343,'MÉRIDA\r'),
(31,2344,'MOCOCHÁ\r'),
(31,2345,'MOTUL\r'),
(31,2346,'MUNA\r'),
(31,2347,'MUXUPIP\r'),
(31,2348,'OPICHÉN\r'),
(31,2349,'OXKUTZCAB\r'),
(31,2350,'PANABÁ\r'),
(31,2351,'PETO\r'),
(31,2352,'PROGRESO\r'),
(31,2353,'QUINTANA ROO\r'),
(31,2354,'RÍO LAGARTOS\r'),
(31,2355,'SACALUM\r'),
(31,2356,'SAMAHIL\r'),
(31,2357,'SANAHCAT\r'),
(31,2358,'SAN FELIPE\r'),
(31,2359,'SANTA ELENA\r'),
(31,2360,'SEYÉ\r'),
(31,2361,'SINANCHÉ\r'),
(31,2362,'SOTUTA\r'),
(31,2363,'SUCILÁ\r'),
(31,2364,'SUDZAL\r'),
(31,2365,'SUMA\r'),
(31,2366,'TAHDZIÚ\r'),
(31,2367,'TAHMEK\r'),
(31,2368,'TEABO\r'),
(31,2369,'TECOH\r'),
(31,2370,'TEKAL DE VENEGAS\r'),
(31,2371,'TEKANTÓ\r'),
(31,2372,'TEKAX\r'),
(31,2373,'TEKIT\r'),
(31,2374,'TEKOM\r'),
(31,2375,'TELCHAC PUEBLO\r'),
(31,2376,'TELCHAC PUERTO\r'),
(31,2377,'TEMAX\r'),
(31,2378,'TEMOZÓN\r'),
(31,2379,'TEPAKÁN\r'),
(31,2380,'TETIZ\r'),
(31,2381,'TEYA\r'),
(31,2382,'TICUL\r'),
(31,2383,'TIMUCUY\r'),
(31,2384,'TINUM\r'),
(31,2385,'TIXCACALCUPUL\r'),
(31,2386,'TIXKOKOB\r'),
(31,2387,'TIXMEHUAC\r'),
(31,2388,'TIXPÉHUAL\r'),
(31,2389,'TIZIMÍN\r'),
(31,2390,'TUNKÁS\r'),
(31,2391,'TZUCACAB\r'),
(31,2392,'UAYMA\r'),
(31,2393,'UCÚ\r'),
(31,2394,'UMÁN\r'),
(31,2395,'VALLADOLID\r'),
(31,2396,'XOCCHEL\r'),
(31,2397,'YAXCABÁ\r'),
(31,2398,'YAXKUKUL\r'),
(31,2399,'YOBAÍN\r'),
(32,2400,'APOZOL\r'),
(32,2401,'APULCO\r'),
(32,2402,'ATOLINGA\r'),
(32,2403,'BENITO JUÁREZ\r'),
(32,2404,'CALERA\r'),
(32,2405,'CAÑITAS DE FELIPE PESCADO'),
(32,2406,'CONCEPCIÓN DEL ORO\r'),
(32,2407,'CUAUHTÉMOC\r'),
(32,2408,'CHALCHIHUITES\r'),
(32,2409,'FRESNILLO\r'),
(32,2410,'TRINIDAD GARCÍA DE LA CAD'),
(32,2411,'GENARO CODINA\r'),
(32,2412,'GENERAL ENRIQUE ESTRADA\r'),
(32,2413,'GENERAL FRANCISCO R. MURG'),
(32,2414,'EL PLATEADO DE JOAQUÍN AM'),
(32,2415,'GENERAL PÁNFILO NATERA\r'),
(32,2416,'GUADALUPE\r'),
(32,2417,'HUANUSCO\r'),
(32,2418,'JALPA\r'),
(32,2419,'JEREZ\r'),
(32,2420,'JIMÉNEZ DEL TEUL\r'),
(32,2421,'JUAN ALDAMA\r'),
(32,2422,'JUCHIPILA\r'),
(32,2423,'LORETO\r'),
(32,2424,'LUIS MOYA\r'),
(32,2425,'MAZAPIL\r'),
(32,2426,'MELCHOR OCAMPO\r'),
(32,2427,'MEZQUITAL DEL ORO\r'),
(32,2428,'MIGUEL AUZA\r'),
(32,2429,'MOMAX\r'),
(32,2430,'MONTE ESCOBEDO\r'),
(32,2431,'MORELOS\r'),
(32,2432,'MOYAHUA DE ESTRADA\r'),
(32,2433,'NOCHISTLÁN DE MEJÍA\r'),
(32,2434,'NORIA DE ÁNGELES\r'),
(32,2435,'OJOCALIENTE\r'),
(32,2436,'PÁNUCO\r'),
(32,2437,'PINOS\r'),
(32,2438,'RÍO GRANDE\r'),
(32,2439,'SAIN ALTO\r'),
(32,2440,'EL SALVADOR\r'),
(32,2441,'SOMBRERETE\r'),
(32,2442,'SUSTICACÁN\r'),
(32,2443,'TABASCO\r'),
(32,2444,'TEPECHITLÁN\r'),
(32,2445,'TEPETONGO\r'),
(32,2446,'TEÚL DE GONZÁLEZ ORTEGA\r'),
(32,2447,'TLALTENANGO DE SÁNCHEZ RO'),
(32,2448,'VALPARAÍSO\r'),
(32,2449,'VETAGRANDE\r'),
(32,2450,'VILLA DE COS\r'),
(32,2451,'VILLA GARCÍA\r'),
(32,2452,'VILLA GONZÁLEZ ORTEGA\r'),
(32,2453,'VILLA HIDALGO\r'),
(32,2454,'VILLANUEVA\r'),
(32,2455,'ZACATECAS\r'),
(32,2456,'TRANCOSO\r'),
(32,2457,'SANTA MARÍA DE LA PAZ\r');

/*Table structure for table `operaciones` */

DROP TABLE IF EXISTS `operaciones`;

CREATE TABLE `operaciones` (
  `id_opera` int(10) unsigned NOT NULL AUTO_INCREMENT,
  `operacion` varchar(25) COLLATE utf8mb4_unicode_ci NOT NULL,
  `descripcion` varchar(25) COLLATE utf8mb4_unicode_ci NOT NULL,
  `remember_token` varchar(100) COLLATE utf8mb4_unicode_ci DEFAULT NULL,
  `created_at` timestamp NULL DEFAULT NULL,
  `updated_at` timestamp NULL DEFAULT NULL,
  PRIMARY KEY (`id_opera`)
) ENGINE=InnoDB AUTO_INCREMENT=3 DEFAULT CHARSET=utf8mb4 COLLATE=utf8mb4_unicode_ci;

/*Data for the table `operaciones` */

insert  into `operaciones`(`id_opera`,`operacion`,`descripcion`,`remember_token`,`created_at`,`updated_at`) values 
(1,'Odontología estética o co','Odontología estética o co',NULL,NULL,NULL),
(2,'Patología bucal.','Patología bucal.',NULL,NULL,NULL);

/*Table structure for table `pacientes` */

DROP TABLE IF EXISTS `pacientes`;

CREATE TABLE `pacientes` (
  `idp` int(10) unsigned NOT NULL AUTO_INCREMENT,
  `nombre` varchar(25) COLLATE utf8mb4_unicode_ci NOT NULL,
  `apellido1` varchar(25) COLLATE utf8mb4_unicode_ci NOT NULL,
  `apellido2` varchar(25) COLLATE utf8mb4_unicode_ci NOT NULL,
  `edad` varchar(25) COLLATE utf8mb4_unicode_ci NOT NULL,
  `sexo` varchar(25) COLLATE utf8mb4_unicode_ci NOT NULL,
  `telefono` varchar(25) COLLATE utf8mb4_unicode_ci NOT NULL,
  `id_edo` int(10) unsigned NOT NULL,
  `id_mun` int(10) unsigned NOT NULL,
  `calle` varchar(25) COLLATE utf8mb4_unicode_ci NOT NULL,
  `numcalle` varchar(25) COLLATE utf8mb4_unicode_ci NOT NULL,
  `localidad` varchar(25) COLLATE utf8mb4_unicode_ci NOT NULL,
  `archivo` varchar(255) COLLATE utf8mb4_unicode_ci NOT NULL,
  `remember_token` varchar(100) COLLATE utf8mb4_unicode_ci DEFAULT NULL,
  `created_at` timestamp NULL DEFAULT NULL,
  `updated_at` timestamp NULL DEFAULT NULL,
  PRIMARY KEY (`idp`),
  KEY `pacientes_id_edo_foreign` (`id_edo`),
  KEY `pacientes_id_mun_foreign` (`id_mun`),
  CONSTRAINT `pacientes_id_edo_foreign` FOREIGN KEY (`id_edo`) REFERENCES `estados` (`id_edo`),
  CONSTRAINT `pacientes_id_mun_foreign` FOREIGN KEY (`id_mun`) REFERENCES `municipios` (`id_mun`)
) ENGINE=InnoDB AUTO_INCREMENT=4 DEFAULT CHARSET=utf8mb4 COLLATE=utf8mb4_unicode_ci;

/*Data for the table `pacientes` */

insert  into `pacientes`(`idp`,`nombre`,`apellido1`,`apellido2`,`edad`,`sexo`,`telefono`,`id_edo`,`id_mun`,`calle`,`numcalle`,`localidad`,`archivo`,`remember_token`,`created_at`,`updated_at`) values 
(1,'Oliver','Rodiguez','Martinez','22','M','7228885652',1,88,'california','10','santa maria','',NULL,NULL,NULL),
(2,'Carlos','Ramires','Torres','22','M','7896547896',20,999,'privada','18','privada','',NULL,NULL,NULL),
(3,'Jose','Flores','Alvarez','23','M','7224369872',10,30,'No tiene','12','Toluca','',NULL,'2020-01-06 15:17:51','2020-01-06 15:17:53');

/*Table structure for table `password_resets` */

DROP TABLE IF EXISTS `password_resets`;

CREATE TABLE `password_resets` (
  `email` varchar(255) COLLATE utf8mb4_unicode_ci NOT NULL,
  `token` varchar(255) COLLATE utf8mb4_unicode_ci NOT NULL,
  `created_at` timestamp NULL DEFAULT NULL,
  KEY `password_resets_email_index` (`email`(191))
) ENGINE=InnoDB DEFAULT CHARSET=utf8mb4 COLLATE=utf8mb4_unicode_ci;

/*Data for the table `password_resets` */

/*Table structure for table `recetas` */

DROP TABLE IF EXISTS `recetas`;

CREATE TABLE `recetas` (
  `id_rec` int(10) unsigned NOT NULL AUTO_INCREMENT,
  `descripcion` varchar(25) COLLATE utf8mb4_unicode_ci NOT NULL,
  `medicamentos` varchar(25) COLLATE utf8mb4_unicode_ci NOT NULL,
  `docis` varchar(25) COLLATE utf8mb4_unicode_ci NOT NULL,
  `dias` varchar(2) COLLATE utf8mb4_unicode_ci NOT NULL,
  `horas` varchar(25) COLLATE utf8mb4_unicode_ci NOT NULL,
  `remember_token` varchar(100) COLLATE utf8mb4_unicode_ci DEFAULT NULL,
  `created_at` timestamp NULL DEFAULT NULL,
  `updated_at` timestamp NULL DEFAULT NULL,
  PRIMARY KEY (`id_rec`)
) ENGINE=InnoDB AUTO_INCREMENT=3 DEFAULT CHARSET=utf8mb4 COLLATE=utf8mb4_unicode_ci;

/*Data for the table `recetas` */

insert  into `recetas`(`id_rec`,`descripcion`,`medicamentos`,`docis`,`dias`,`horas`,`remember_token`,`created_at`,`updated_at`) values 
(1,'tomar paracetamol ','paracetamol','1','5','8',NULL,NULL,NULL),
(2,'limpia y purifica superfi','NINGUNO','28mg','20','8',NULL,NULL,NULL);

/*Table structure for table `users` */

DROP TABLE IF EXISTS `users`;

CREATE TABLE `users` (
  `id` int(20) unsigned NOT NULL AUTO_INCREMENT,
  `name` varchar(200) CHARACTER SET utf8mb4 COLLATE utf8mb4_unicode_ci NOT NULL,
  `email` varchar(200) CHARACTER SET utf8mb4 COLLATE utf8mb4_unicode_ci NOT NULL,
  `email_verified_at` timestamp NULL DEFAULT NULL,
  `password` varchar(200) CHARACTER SET utf8mb4 COLLATE utf8mb4_unicode_ci NOT NULL,
  `remember_token` varchar(100) CHARACTER SET utf8mb4 COLLATE utf8mb4_unicode_ci DEFAULT NULL,
  `created_at` timestamp NULL DEFAULT NULL,
  `updated_at` timestamp NULL DEFAULT NULL,
  PRIMARY KEY (`id`)
) ENGINE=InnoDB AUTO_INCREMENT=3 DEFAULT CHARSET=latin1;

/*Data for the table `users` */

insert  into `users`(`id`,`name`,`email`,`email_verified_at`,`password`,`remember_token`,`created_at`,`updated_at`) values 
(1,'JOSE','jose@gmail.com','2020-01-04 11:52:22','$2y$10$18Bx44EP5jJc3yT46n/R8OKSxzBj2E3vIfL399XTWsBBJt299emFm','jNfREhUGZt56qnApQRL46Qjioa80EvhhaRE3FBAXPYWblGP3ALULOUeXBZIL','2020-01-04 11:52:32','2020-01-04 11:52:35'),
(2,'Daniel Rodriguez','daniel@gmail.com','2019-12-01 15:38:47','$2y$10$18Bx44EP5jJc3yT46n/R8OKSxzBj2E3vIfL399XTWsBBJt299emFm','PTTVGZLqIrXnUpvE0VPlu0BRw3wIt95oc1Ij45f6PoXIOfsI8mGtLgPx66yp','2019-12-15 21:35:26','2019-12-15 21:35:26');

/* Function  structure for function  `modificacita` */

/*!50003 DROP FUNCTION IF EXISTS `modificacita` */;
DELIMITER $$

/*!50003 CREATE DEFINER=`root`@`localhost` FUNCTION `modificacita`(id_cita2 INT,
f_agenda2 VARCHAR(25),f_asistencia2 VARCHAR(25),id_doc2 VARCHAR(10),idp2 VARCHAR(25),notac2 VARCHAR(25)) RETURNS int(11)
BEGIN
UPDATE citas SET id_cita= id_cita2,f_agenda= f_agenda2,f_asistencia= f_asistencia2,id_doc= id_doc2,idp= idp2,notac= notac2
WHERE id_cita = id_cita2;
RETURN 1;
END */$$
DELIMITER ;

/* Function  structure for function  `modificadoctor` */

/*!50003 DROP FUNCTION IF EXISTS `modificadoctor` */;
DELIMITER $$

/*!50003 CREATE DEFINER=`root`@`localhost` FUNCTION `modificadoctor`(id_doc2 INT,
nombre2 VARCHAR(25),apellido12 VARCHAR(25),apellido22 VARCHAR(25),
edad2 VARCHAR(2),sexo2 VARCHAR(1),
id_esp2 VARCHAR(25),telefono2 VARCHAR(10),
id_edo2 VARCHAR(25),id_mun2 VARCHAR(25),calle2  VARCHAR(25),
numcalle2 INT(4),
localidad2 VARCHAR(25),archivo2 VARCHAR(255)) RETURNS int(11)
BEGIN
IF(archivo2="")THEN
UPDATE doctors SET nombre= nombre2,apellido1= apellido12,
apellido2= apellido22,edad= edad2,sexo= sexo2,
id_esp= id_esp2,telefono= telefono2,id_edo= id_edo2,
id_mun= id_mun2,calle= calle2,numcalle= numcalle2,
localidad= localidad2,archivo= archivo2
WHERE id_doc = id_doc2;
ELSE
UPDATE doctors SET nombre= nombre2,apellido1= apellido12,
apellido2= apellido22,edad= edad2,sexo= sexo2,
id_esp= id_esp2,telefono= telefono2,id_edo= id_edo2,
id_mun= id_mun2,calle= calle2,numcalle= numcalle2,
localidad= localidad2,archivo= archivo2
WHERE id_doc = id_doc2;
END IF;
RETURN 1;
END */$$
DELIMITER ;

/* Function  structure for function  `modificaespecialidad` */

/*!50003 DROP FUNCTION IF EXISTS `modificaespecialidad` */;
DELIMITER $$

/*!50003 CREATE DEFINER=`root`@`localhost` FUNCTION `modificaespecialidad`(id_esp2 INT,
nombre2 VARCHAR(25),descripcion2 VARCHAR(25)) RETURNS int(11)
BEGIN
UPDATE especialidades SET id_esp= id_esp2,nombre= nombre2,descripcion= descripcion2
WHERE id_esp = id_esp2;
RETURN 1;
END */$$
DELIMITER ;

/* Function  structure for function  `modificaoperacion` */

/*!50003 DROP FUNCTION IF EXISTS `modificaoperacion` */;
DELIMITER $$

/*!50003 CREATE DEFINER=`root`@`localhost` FUNCTION `modificaoperacion`(id_opera2 INT,
operacion2 VARCHAR(250),descripcion2 VARCHAR(250)) RETURNS int(11)
BEGIN
UPDATE operaciones SET id_opera= id_opera2,operacion= operacion2, descripcion= descripcion2
WHERE id_opera = id_opera2;
RETURN 1;
END */$$
DELIMITER ;

/* Function  structure for function  `modificapaciente` */

/*!50003 DROP FUNCTION IF EXISTS `modificapaciente` */;
DELIMITER $$

/*!50003 CREATE DEFINER=`root`@`localhost` FUNCTION `modificapaciente`(idp2 INT,
nombre2 VARCHAR(25),apellido12 VARCHAR(25),apellido22 VARCHAR(25),edad2 VARCHAR(2),sexo2 VARCHAR(1),
id_esp2 VARCHAR(25),telefono2 VARCHAR(10),id_edo2 VARCHAR(25),id_mun2 VARCHAR(25),calle2  VARCHAR(25),
numcalle2 INT(4),localidad2 VARCHAR(25),archivo2 VARCHAR(255)) RETURNS int(11)
BEGIN
IF(archivo2="")THEN
UPDATE pacientes SET nombre= nombre2,apellido1= apellido12,apellido2= apellido22,edad= edad2,
sexo= sexo2,id_esp= id_esp2,id_edo= id_edo2,
id_mun= id_mun2,calle= calle2,telefono= telefono2,numcalle= numcalle2,localidad= localidad2,archivo= archivo2
WHERE idp = idp2;
ELSE
UPDATE pacientes SET nombre= nombre2,apellido1= apellido12,apellido2= apellido22,edad= edad2,
sexo= sexo2,id_esp= id_esp2,id_edo= id_edo2,
id_mun= id_mun2,calle= calle2,telefono= telefono2,numcalle= numcalle2,localidad= localidad2,archivo= archivo2
WHERE idp = idp2;
END IF;
RETURN 1;
END */$$
DELIMITER ;

/* Function  structure for function  `modificareceta` */

/*!50003 DROP FUNCTION IF EXISTS `modificareceta` */;
DELIMITER $$

/*!50003 CREATE DEFINER=`root`@`localhost` FUNCTION `modificareceta`(id_rec2 INT,
descripcion2 VARCHAR(250),medicamentos2 VARCHAR(250),docis2 VARCHAR(10),dias2 INT,horas2 INT) RETURNS int(11)
BEGIN
UPDATE recetas SET id_rec= id_rec2,descripcion= descripcion2,medicamentos= medicamentos2,docis= docis2,dias= dias2,horas= horas2
WHERE id_rec = id_rec2;
RETURN 1;
END */$$
DELIMITER ;

/* Procedure structure for procedure `altacita` */

/*!50003 DROP PROCEDURE IF EXISTS  `altacita` */;

DELIMITER $$

/*!50003 CREATE DEFINER=`root`@`localhost` PROCEDURE `altacita`(IN id_cita INT,IN f_agenda VARCHAR(25),
IN f_asistencia VARCHAR(25),IN id_doc VARCHAR(25),IN  idp VARCHAR(25),IN  notac VARCHAR(25))
BEGIN
INSERT INTO citas(id_cita,f_agenda,f_asistencia,id_doc,idp,notac)
VALUES (id_cita,f_agenda,f_asistencia,id_doc,idp,notac);
END */$$
DELIMITER ;

/* Procedure structure for procedure `altaconsulta` */

/*!50003 DROP PROCEDURE IF EXISTS  `altaconsulta` */;

DELIMITER $$

/*!50003 CREATE DEFINER=`root`@`localhost` PROCEDURE `altaconsulta`(IN id_con INT,IN fecha DATE,IN hora TIME,in id_doc varchar(5),in idp varchar(5),
in dolor varchar(255),IN medicamento VARCHAR(100),in id_cita VARCHAR(10),IN tip_cita VARCHAR(1),in alergias varchar(200),
IN sintomas VARCHAR(100),in dias int(10),in docis int(3),IN descripcion VARCHAR(255))
BEGIN
INSERT INTO consultas(id_con,fecha,hora,id_doc,idp,dolor,medicamento,id_cita,tip_cita,alergias,sintomas,dias,docis,descripcion)
VALUES (id_con,fecha,hora,id_doc,idp,dolor,medicamento,id_cita,tip_cita,alergias,sintomas,dias,docis,descripcion);
END */$$
DELIMITER ;

/* Procedure structure for procedure `altadoctor` */

/*!50003 DROP PROCEDURE IF EXISTS  `altadoctor` */;

DELIMITER $$

/*!50003 CREATE DEFINER=`root`@`localhost` PROCEDURE `altadoctor`(IN id_doc INT,IN nombre VARCHAR(25),
IN apellido1 VARCHAR(25),IN apellido2 VARCHAR(25),IN edad INT(2),IN sexo VARCHAR(1),IN id_esp VARCHAR(25),
IN telefono VARCHAR(10),IN id_edo VARCHAR(25),IN id_mun VARCHAR(25),IN calle  VARCHAR(25),
IN numcalle INT(4),IN localidad VARCHAR(25),IN archivo VARCHAR(255))
BEGIN
INSERT INTO doctors(id_doc,nombre,apellido1,apellido2,edad,sexo,id_esp,
telefono,id_edo,id_mun,calle,numcalle,localidad,archivo)
VALUES (id_doc,nombre,apellido1,apellido2,edad,sexo,id_esp,
telefono,id_edo,id_mun,calle,numcalle,localidad,archivo);
END */$$
DELIMITER ;

/* Procedure structure for procedure `altaespecialidad` */

/*!50003 DROP PROCEDURE IF EXISTS  `altaespecialidad` */;

DELIMITER $$

/*!50003 CREATE DEFINER=`root`@`localhost` PROCEDURE `altaespecialidad`(IN id_esp INT,IN nombre VARCHAR(25),
IN descripcion VARCHAR(25))
BEGIN
INSERT INTO especialidades(id_esp,nombre,descripcion)
VALUES (id_esp,nombre,descripcion);
END */$$
DELIMITER ;

/* Procedure structure for procedure `altaoperaciones` */

/*!50003 DROP PROCEDURE IF EXISTS  `altaoperaciones` */;

DELIMITER $$

/*!50003 CREATE DEFINER=`root`@`localhost` PROCEDURE `altaoperaciones`(IN id_opera INT,IN operacion VARCHAR(250),
IN descripcion VARCHAR(250))
INSERT INTO operaciones(id_opera,operacion,descripcion)
VALUES (id_opera,operacion,descripcion) */$$
DELIMITER ;

/* Procedure structure for procedure `altapaciente` */

/*!50003 DROP PROCEDURE IF EXISTS  `altapaciente` */;

DELIMITER $$

/*!50003 CREATE DEFINER=`root`@`localhost` PROCEDURE `altapaciente`(IN idp INT,IN nombre VARCHAR(25),
IN apellido1 VARCHAR(25),IN apellido2 VARCHAR(25),IN edad INT(2),IN sexo VARCHAR(1),
IN telefono VARCHAR(10),IN id_edo VARCHAR(25),IN id_mun VARCHAR(25),IN calle  VARCHAR(25),
IN numcalle INT(4),IN localidad VARCHAR(25),IN archivo VARCHAR(255))
BEGIN
INSERT INTO pacientes(idp,nombre,apellido1,apellido2,edad,sexo,
telefono,id_edo,id_mun,calle,numcalle,localidad,archivo)
VALUES (idp,nombre,apellido1,apellido2,edad,sexo,
telefono,id_edo,id_mun,calle,numcalle,localidad,archivo);
END */$$
DELIMITER ;

/* Procedure structure for procedure `altarecetas` */

/*!50003 DROP PROCEDURE IF EXISTS  `altarecetas` */;

DELIMITER $$

/*!50003 CREATE DEFINER=`root`@`localhost` PROCEDURE `altarecetas`(IN id_rec INT,IN descripcion VARCHAR(250),
IN medicamentos VARCHAR(250), IN docis VARCHAR(250),IN dias INT,IN horas INT)
INSERT INTO recetas(id_rec,descripcion,medicamentos,docis,dias,horas)
VALUES (id_rec,descripcion,medicamentos,docis,dias,horas) */$$
DELIMITER ;

/*!40101 SET SQL_MODE=@OLD_SQL_MODE */;
/*!40014 SET FOREIGN_KEY_CHECKS=@OLD_FOREIGN_KEY_CHECKS */;
/*!40014 SET UNIQUE_CHECKS=@OLD_UNIQUE_CHECKS */;
/*!40111 SET SQL_NOTES=@OLD_SQL_NOTES */;
